Publish time,Page name,Permalink,Post type,Impressions,Reach,"Reactions, Comments and Shares",Reactions,Comments,Shares,Total clicks,Seconds viewed,Average Seconds viewed,REELS_PLAYS:COUNT
1/28/2024,Astrofluenced,https://www.facebook.com/astrofluenced/posts/pfbid02MRf8pebJEd4tSR6Nvs4KpxtrJngrJbS4enUxFHsAqTwe4FKqUo6hgNMoHVKDKChAl,Photos,422,402,19,10,1,8,21,,,
1/9/2024,Astrofluenced,https://www.facebook.com/astrofluenced/videos/902829804579855/,Videos,187,151,5,2,2,1,4,5243.426,28.652,
1/3/2024,Astrofluenced,https://www.facebook.com/astrofluenced/posts/pfbid0SZhDQBoX2Nq4gyBaFTmnkRUmeUm5YpbqPSunJf83jx85sLFGTKiv2ghbKNZyqtAel,Photos,142,126,12,9,1,2,3,,,
1/6/2024,Astrofluenced,https://www.facebook.com/reel/1070806324123857/,Videos,138,135,6,4,2,0,0,2147.252,15.447,180
1/7/2024,Astrofluenced,https://www.facebook.com/astrofluenced/videos/1295226441150336/,Videos,128,111,9,3,4,2,0,750,6.756,
1/4/2024,Astrofluenced,https://www.facebook.com/astrofluenced/posts/pfbid02DjkeqA1VhXbXPDvCYS7ADc59akivPR4pEiZeuu7D26ocGRqLeS7oBzmpCN33Ew9Gl,Photos,108,106,4,3,0,1,5,,,
1/14/2024,Astrofluenced,https://www.facebook.com/astrofluenced/posts/pfbid02T7aiGueSqWuEPTWYAeD9v9fmaYJQiNPS6HqbLaYFjd7pTHWNj8vSSir7tn4p8tCAl,Photos,95,88,12,11,0,1,1,,,
1/2/2024,Astrofluenced,https://www.facebook.com/astrofluenced/posts/pfbid0HrVF7QkzYm43Ra6nxxytyFoktyVYjLmVCttcxeMbHYubnejYrhTrUpydHmtz9prBl,Links,78,78,1,1,0,0,3,,,
1/30/2024,Astrofluenced,https://www.facebook.com/astrofluenced/videos/1117909579540676/,Videos,73,65,2,1,0,1,0,463.789,6.721,
3/22/2024,Astrofluenced,https://www.facebook.com/astrofluenced/posts/pfbid0sXVVoigeafjm8HT7G613Np6bBJdvWwfSWnuCrjdPCSM9vfRMkyo2mZFyPHrZidCxl,Photos,72,67,2,1,0,1,1,,,
1/2/2024,Astrofluenced,https://www.facebook.com/astrofluenced/posts/pfbid035tM34os8y9pniwDCC88nK7QiN1zkJEPNfwqXcXiEqarawJ1eEPNZFq55SfkorHBil,Photos,71,71,1,1,0,0,0,,,
1/2/2024,Astrofluenced,https://www.facebook.com/astrofluenced/posts/pfbid02u4VoKftomc1zcg26WdKmzr8V6LVS4ynYiLyf6iHEA1NriYU62qzgPSUV9btahR3yl,Photos,62,62,1,1,0,0,2,,,
1/3/2024,Astrofluenced,https://www.facebook.com/astrofluenced/videos/641652594647350/,Videos,46,41,3,1,0,2,1,1076.16,18.88,
1/16/2024,Astrofluenced,https://www.facebook.com/astrofluenced/videos/1439499487004112/,Videos,44,40,1,1,0,0,0,1081.848,26.386,
1/3/2024,Astrofluenced,https://www.facebook.com/astrofluenced/posts/pfbid02DVSu7qn7vUF81YDiB8X8wmCwNmUsGv2WL7EqA6iF8nRiGvPJz6TEV3Ye6RgPM9wFl,Photos,42,41,1,1,0,0,0,,,
1/6/2024,Astrofluenced,https://www.facebook.com/astrofluenced/videos/1987659901634744/,Videos,34,31,3,2,0,1,1,287.991,5.142,
3/23/2024,Astrofluenced,https://www.facebook.com/astrofluenced/posts/pfbid0bTPF1BfJne3kcJzbyxQy8Ko6L6hHHCMcHqRyVLQ8sMPrS7LiN3TQaBmoFpss7uc6l,Text,32,23,1,1,0,0,1,,,
1/3/2024,Astrofluenced,https://www.facebook.com/astrofluenced/posts/pfbid02eKbnjBq2Vd87fX7xQ2kKTeo81ioi15Pdmhq77gCr2613Es6u6rW2uPjmzqfkg6uhl,Photos,29,26,4,4,0,0,2,,,
3/22/2024,Astrofluenced,https://www.facebook.com/astrofluenced/posts/pfbid033bL2FCEk4Azf5XK88xFQTSnLvSmQu46MBxHbdo4TvrtbhfRQbQJ3ff5zpBvjBeDYl,Text,23,23,1,1,0,0,1,,,
3/23/2024,Astrofluenced,https://www.facebook.com/astrofluenced/posts/pfbid0EbLS6PZLcSbjsrTHB2nWe8sb1TByLZ6NqqitnQkCowgbhCCbcpb87mVbjK56Dww4l,Photos,21,13,0,0,0,0,0,,,
1/3/2024,Astrofluenced,https://www.facebook.com/astrofluenced/posts/pfbid02wZXbgpBWeR2xta2xej44TGne5Rm6zvxC5Cchz8warG3tHmaiS31vfXN1bGcd1z3rl,Photos,20,20,2,2,0,0,1,,,
1/29/2024,Astrofluenced,https://www.facebook.com/astrofluenced/posts/pfbid02GafGsBfBY9Prt1pZZ9pHRDpKtyb4DFsTVpiqpEnrz2fZ7cb1RzX2F65Jx8vABwVSl,Photos,17,14,1,1,0,0,3,,,
1/17/2024,Astrofluenced,https://www.facebook.com/astrofluenced/videos/820919686470190/,Videos,17,15,1,1,0,0,0,81.603,1.665,
3/22/2024,Astrofluenced,https://www.facebook.com/astrofluenced/posts/pfbid02x2wUmgcwfeZoBoVpn4sS2qPhkPLE84DcxBrVjBmMbymhx3JDu5RnBhvTNNMJAxjAl,Photos,16,15,2,2,0,0,0,,,
1/10/2024,Astrofluenced,https://www.facebook.com/reel/371727955462989/,Reels,16,13,0,0,0,0,0,74.436,4.962,20
1/6/2024,Astrofluenced,https://www.facebook.com/astrofluenced/videos/1516712242517769/,Videos,16,14,1,1,0,0,0,87.283,3.232,
2/20/2024,Astrofluenced,https://www.facebook.com/astrofluenced/posts/pfbid034DUcX3R3W7QDqaA6y76MhmcM13Ujy7Y51A4WhGodE5XkXh7bbj2JXPsfLuVMuoDol,Text,15,15,1,1,0,0,0,,,
1/19/2024,Astrofluenced,https://www.facebook.com/reel/393888536352876/,Reels,15,13,0,0,0,0,0,176.965,11.797,18
1/7/2024,Astrofluenced,https://www.facebook.com/astrofluenced/posts/pfbid0sQwSqZQAstuSyYJas8Jk2qXLbfFo9SgPp4788i2Pfvw9YwYb2aRLbbaih44qqbEWl,Photos,15,14,1,1,0,0,0,,,
2/21/2024,Astrofluenced,https://www.facebook.com/reel/927764755523634/,Reels,13,11,6,4,1,1,0,249.688,5.548,55
1/16/2024,Astrofluenced,https://www.facebook.com/astrofluenced/posts/pfbid07y2TSSHXXDPFPz5T5bdSy2BVY4b1qY4EuuyfV9mdBzJ8LpiX23KyQr8sZ1eDi9Nul,Text,13,11,1,1,0,0,0,,,
1/4/2024,Astrofluenced,https://www.facebook.com/astrofluenced/posts/pfbid0X4pFgmNem227KDxmJbW5XRi4PJh9hmjXNrm6bvK4BC7N2SXM6RBG4NKoCWMhY4n5l,Photos,13,12,1,1,0,0,0,,,
2/25/2024,Astrofluenced,https://www.facebook.com/astrofluenced/posts/pfbid0ENLfYGkA8tWRJB8d5AkwKR1ttXWWAsTSopSWTSNXAYNMDeHxpceYGY9eTjUmQAdAl,Text,12,11,1,1,0,0,1,,,
1/27/2024,Astrofluenced,https://www.facebook.com/astrofluenced/posts/pfbid0tMsYPW2orJ39VtoKtVQuj6Piofv94P38SUWLwA5qA1ypZJwzropo5sR8oawjKsTPl,Photos,12,11,1,1,0,0,0,,,
1/11/2024,Astrofluenced,https://www.facebook.com/astrofluenced/posts/pfbid0ujABjscHgnqRh8kyWKZZyrtW8hta47kFDB97frnKnReZKQHgC7KW9eEa6zZBehcXl,Photos,12,12,1,1,0,0,0,,,
1/3/2024,Astrofluenced,https://www.facebook.com/astrofluenced/posts/pfbid02ZjM3T5nV8PHYoqKwSPwSFnWbi2B25pSAy26xXChGf3TyaiwkyBv54f5V5MN8JUEQl,Links,12,12,1,1,0,0,2,,,
1/6/2024,Astrofluenced,https://www.facebook.com/astrofluenced/posts/pfbid02zEwArSouZBxThNHoxmfW17vxVdVpnC2w6X71odDcrH2DnvboL96BJMxQ5F42QVRRl,Photos,12,12,2,2,0,0,0,,,
3/21/2024,Astrofluenced,https://www.facebook.com/astrofluenced/posts/pfbid041TznRqG63AJpfLdJu2D85cS3c1sD4EzrAJaTMPX6ufj55Ho17emFznGc9QSPfXFl,Text,11,10,1,1,0,0,0,,,
2/27/2024,Astrofluenced,https://www.facebook.com/astrofluenced/posts/pfbid0dRavFr8dPVKJaFeBYCmuqP9QLFFV4kXja7JX1gfWzHsHxMrbf4r6J4GFGrCvXdJl,Photos,11,11,0,0,0,0,0,,,
2/23/2024,Astrofluenced,https://www.facebook.com/astrofluenced/posts/pfbid02VPcmXAm55UvQbkpDxP9zRmJCvbApTTo8y2PrhwyqoMxKZ5DSAqsVhEDTbE1bm5Khl,Text,11,11,1,1,0,0,0,,,
2/10/2024,Astrofluenced,https://www.facebook.com/astrofluenced/posts/pfbid02VNxmDxERWHS5YRZYZMr2wegQGGTsMaWjK5aHQ7DC8xVfhEEFLS5bBKtdrKSDMR8rl,Text,11,11,1,1,0,0,0,,,
1/19/2024,Astrofluenced,https://www.facebook.com/astrofluenced/posts/pfbid02DsQ54aUpXPcKTzm8TQYL94zsWDpU5E7rXrL9BiT9uLccKGQpnb1zbNVNJn8Tv3unl,Photos,11,11,0,0,0,0,0,,,
1/16/2024,Astrofluenced,https://www.facebook.com/astrofluenced/posts/pfbid02XcV5o5i2iEc9MBRarqaSGkSuD7j8guWDwQwUZfTxyFguVjbjy3cmp1H98SLAUwdXl,Text,11,10,1,1,0,0,0,,,
1/5/2024,Astrofluenced,https://www.facebook.com/astrofluenced/posts/pfbid0KTKKvuvXWB4cX3ftmP3wZZwM8BCgGoybbnKzM7F857XqGjd9aFUwVFNNVVjZSR9kl,Photos,11,11,1,1,0,0,0,,,
1/7/2024,Astrofluenced,https://www.facebook.com/astrofluenced/videos/328590703481671/,Videos,11,7,0,0,0,0,0,5.862,1.954,
3/8/2024,Astrofluenced,https://www.facebook.com/astrofluenced/posts/pfbid0HJhziS8aPgbXFVyNNCzrj7L4gxVetbGJeVVeJni9oE5eRGNWMLJDDd2RXSthdodtl,Text,10,10,1,1,0,0,0,,,
3/7/2024,Astrofluenced,https://www.facebook.com/astrofluenced/posts/pfbid026KMdCSbgzh4CQizeTmR6WpSkfscTrCxhtnNsgPHhkycLNCm8CN2oQZcw3whhsLAml,Text,10,10,1,1,0,0,0,,,
2/21/2024,Astrofluenced,https://www.facebook.com/astrofluenced/videos/930034958359761/,Videos,10,9,2,2,0,0,1,43.203,6.171,
2/16/2024,Astrofluenced,https://www.facebook.com/astrofluenced/posts/pfbid038B35B3sJwHEL26dx3nc6r836B8FrARFkmzK5yX3B2TGsZ4o17Q2zwYVwBXJTnLkKl,Photos,10,9,2,2,0,0,3,,,
1/29/2024,Astrofluenced,https://www.facebook.com/astrofluenced/posts/pfbid0DyjVJKWoxza1h88YHHr9cRLKjJoBt1fcQ4Li3qL2xqS1j6ALJ74oGnpQ2ZVwWv23l,Text,10,9,0,0,0,0,0,,,
1/28/2024,Astrofluenced,https://www.facebook.com/astrofluenced/posts/pfbid036K2ZacSCnF7fN9vACUbH5wkBFhEzqwG5a3mVPr4d8ENwtySHJPJW9RdytGsLKEmzl,Photos,10,9,0,0,0,0,0,,,
1/26/2024,Astrofluenced,https://www.facebook.com/astrofluenced/posts/pfbid037mStVGqzQnyExRJK6Mc8rXkc87egmwpuA1QD1aWqpy3RUcPX6g3aLSrauoyCNvnAl,Photos,10,10,0,0,0,0,0,,,
1/24/2024,Astrofluenced,https://www.facebook.com/astrofluenced/posts/pfbid02Acnvxa43EKrbL9wXRi2zt6pmXK9WbuLFqu7rCA5B2nw7hRq5oTTm6nZp5ZE86skjl,Photos,10,10,0,0,0,0,1,,,
1/17/2024,Astrofluenced,https://www.facebook.com/astrofluenced/posts/pfbid02T2n1RzSMzJNLAa2kHb6iEsG99Lh4NkZmUStH7RFXe2w69pDcZZwALBNgAmC3yqBDl,Photos,10,10,1,1,0,0,1,,,
1/7/2024,Astrofluenced,https://www.facebook.com/astrofluenced/posts/pfbid0s5AxYsnxqvoHGs3NUd4TU3CHHAoGc9py1C4Q9e6Eef5a4gp31KryaZXib9jRmUzHl,Photos,10,9,0,0,0,0,1,,,
1/9/2024,Astrofluenced,https://www.facebook.com/reel/3609364282644647/,Reels,10,7,0,0,0,0,0,64.107,6.41,14
3/8/2024,Astrofluenced,https://www.facebook.com/astrofluenced/posts/pfbid0zNFcyFGyBmq7NgAngJtmcNMQPzMmK7v7YDwMsuuyHPkQXCPTGB6gFzrgMDEvAHmHl,Photos,9,9,1,1,0,0,0,,,
3/5/2024,Astrofluenced,https://www.facebook.com/astrofluenced/posts/pfbid02KA4SYS8sYqoRMYQHArPxYrCo42zaQy7x2nSh6nBHsBVryKb94o53TAe1Xd3fcpLdl,Text,9,8,1,1,0,0,0,,,
2/14/2024,Astrofluenced,https://www.facebook.com/astrofluenced/posts/pfbid02KH3q3QSSxw1nTsrfSgrKsdQwjdTiKKKoPVSWk4fsqjLEwemQaAmu1pQaVTiVePqdl,Photos,9,8,2,2,0,0,0,,,
2/12/2024,Astrofluenced,https://www.facebook.com/astrofluenced/posts/pfbid02s3XumrDHKx8Njn7rQoUrB8ZZgHiY27pRBnKCTvadjRz9WHQnJzx8MgxthjJjUcZ3l,Links,9,6,0,0,0,0,1,,,
2/9/2024,Astrofluenced,https://www.facebook.com/astrofluenced/posts/pfbid0GBQ9oEoMECEif7h27VPVYo5potAcREXfSAQe39SmugSLhnN7BGnUXonvD8b6jKUjl,Photos,9,9,0,0,0,0,2,,,
2/5/2024,Astrofluenced,https://www.facebook.com/astrofluenced/videos/739939454743882/,Videos,9,6,0,0,0,0,0,63.315,3.957,
2/3/2024,Astrofluenced,https://www.facebook.com/astrofluenced/posts/pfbid032o2JW2bCayCumAbqHBg51FLrz7kgH4fX4ZJVvAUWdVirfYuzp1ThtnwF6yVAbZ3Ml,Photos,9,8,1,1,0,0,0,,,
1/30/2024,Astrofluenced,https://www.facebook.com/astrofluenced/posts/pfbid0ftaE5ERTFvndiMKsWxHqG8j3WXJDtyHM38qPtMmAW7LhtbgGfF8xoRCFGbgY4Wkdl,Text,9,9,1,1,0,0,0,,,
1/29/2024,Astrofluenced,https://www.facebook.com/astrofluenced/posts/pfbid02YNw82oXQQ9NH2Zairm8T5MrNtQ2GMJEVT64cjnhPoxZGC6iTzbZihpuBmdQmiD9dl,Photos,9,8,0,0,0,0,0,,,
1/21/2024,Astrofluenced,https://www.facebook.com/astrofluenced/posts/pfbid02f2zSozscLxSEP5uFTgqL5KYriyHdo2WTamPMYvGHfudEamh4Qx64W7ayijDYYnz5l,Photos,9,9,1,1,0,0,0,,,
1/20/2024,Astrofluenced,https://www.facebook.com/astrofluenced/posts/pfbid0nUhZwbsyTjVwv4szFyuvXh3AcvzaQyd146d5immjsgH4WUs5dXe4kKbZB55g8p6Kl,Photos,9,9,0,0,0,0,0,,,
1/15/2024,Astrofluenced,https://www.facebook.com/astrofluenced/posts/pfbid02DrR3BX3kLCiRhygoar58vguFddiyjQpKBNpeDtAfaKaPJ2dj84uSHwK8VreiA4QVl,Photos,9,9,2,2,0,0,2,,,
3/21/2024,Astrofluenced,https://www.facebook.com/astrofluenced/posts/pfbid033ypqfi5DTYDNspdnp61iaE8fqtiPGa5dFm8sEbfk6Fnu75qQ9Qsese4omthAd68Ml,Photos,8,8,1,1,0,0,1,,,
3/19/2024,Astrofluenced,https://www.facebook.com/astrofluenced/posts/pfbid02iRMLXdXVPvRMFnUaA8vTvNtmZ9uFego5jkPbFcZteoQxN1m4azinyWYkSR6sNqQ2l,Text,8,8,1,1,0,0,2,,,
3/18/2024,Astrofluenced,https://www.facebook.com/astrofluenced/posts/pfbid0XYSn6ogXo2EXf7t7Zre61GgqyBhaSAqAkARCmMfV6PM3kX99db8ZYMkB2qgDLDCol,Text,8,8,1,1,0,0,0,,,
3/4/2024,Astrofluenced,https://www.facebook.com/astrofluenced/posts/pfbid0MQMD8g5GN4V5Z4fkueenzqH7rHKvS1MWM4a3SB8iQ5KMXfrkDazZKEr2qmrXpjsPl,Text,8,8,1,1,0,0,0,,,
3/3/2024,Astrofluenced,https://www.facebook.com/astrofluenced/posts/pfbid0dbfXCaujRx4TbqYmvD31PpLZkd6dPw5g6VHKVFq3KWtZufAxjFxb7VEyhSZyDpf5l,Text,8,8,1,1,0,0,0,,,
3/3/2024,Astrofluenced,https://www.facebook.com/astrofluenced/posts/pfbid0X1RtpUydyoMD7cPA6ikMBkSMHTe11eQdt8tdoVY4RPF5zN4V1dSBs7xu8v5BkZgel,Photos,8,8,1,1,0,0,1,,,
3/2/2024,Astrofluenced,https://www.facebook.com/astrofluenced/posts/pfbid0fr4YGa4duZN6amseoG4QVhBmRUxFMwRSLujSv26SLHDzrT6dbbfmBxMVqerqqCKAl,Text,8,8,1,1,0,0,0,,,
2/26/2024,Astrofluenced,https://www.facebook.com/astrofluenced/posts/pfbid02phMBR84Kebn1LvKSxEXbSQ3GifAAWUP22v5E9tjctCErGRVHMqxRjnoHvEUBuvuHl,Photos,8,7,0,0,0,0,0,,,
2/4/2024,Astrofluenced,https://www.facebook.com/astrofluenced/posts/pfbid024UsnxqjRqRTinuu4eKQ2NVwTAAk2TJh5oxQPXEBxqj1FJF6tJtaNpEAfjEXgkDEdl,Photos,8,7,1,1,0,0,0,,,
2/22/2024,Astrofluenced,https://www.facebook.com/reel/740919234811205/,Reels,8,6,0,0,0,0,0,27.904,3.1,9
2/21/2024,Astrofluenced,https://www.facebook.com/astrofluenced/posts/pfbid02FshykRGoEyXgWSw9nH3rMn9ykghgPyqFJyTdzNYAqmTeERD6ZngTAheLkGFTe9k2l,Text,8,8,1,1,0,0,0,,,
2/14/2024,Astrofluenced,https://www.facebook.com/astrofluenced/posts/pfbid02Rfi4HG1XrGqTTVazrLEqxttVszbbYnP934T8622s21ijYXC6xYYE1ti1SDJca3UGl,Text,8,7,0,0,0,0,0,,,
2/11/2024,Astrofluenced,https://www.facebook.com/astrofluenced/posts/pfbid03vfHwWdBEmhpipVnYWMScxCeRBFEUatRR1c8uabxpkiRqryUke1cWdSnSkXdgoBxl,Photos,8,8,2,2,0,0,0,,,
2/5/2024,Astrofluenced,https://www.facebook.com/astrofluenced/posts/pfbid0wZJzPda8DqkagNjLgXX4fT5HKH6gHk5i6QQbAnH61jrnhwLacKGBYA6WKLgNUrLml,Links,8,7,1,1,0,0,1,,,
2/5/2024,Astrofluenced,https://www.facebook.com/astrofluenced/posts/pfbid02Vnsx4LX4pZSsJdtxkfCputJZP2JnF67GYF79g5Pyi7kEyrpZfLhBv9pcUzH5apR1l,Photos,8,7,0,0,0,0,0,,,
2/3/2024,Astrofluenced,https://www.facebook.com/astrofluenced/posts/pfbid034JHKMxd8MTTCUtUE8AAtRbDhSbWGD8hWjCXGGX1yD4T1cJazt8s3VUXUvPdUzAmal,Text,8,7,3,2,1,0,2,,,
2/2/2024,Astrofluenced,https://www.facebook.com/astrofluenced/posts/pfbid02pKHg6Bbr7rKdZbkD711xud45U4Squwf7Sgj2UAgWsVRFaTMcuvhYvZcsxjk54B5hl,Text,8,7,0,0,0,0,0,,,
2/1/2024,Astrofluenced,https://www.facebook.com/astrofluenced/posts/pfbid01MUmbS1wFBQ3jomPvBo579g1EKF85Ku1nM2i59F7mndYuS8cGhyqjnncP3ZYMYPel,Text,8,8,0,0,0,0,0,,,
1/28/2024,Astrofluenced,https://www.facebook.com/astrofluenced/posts/pfbid02pHRy9W8aVsxS9T6u7xaVYxDBkbVeWgbAyfC3iVEVc5vAWD8g3Dqp88z41v2aEMFHl,Links,8,7,1,1,0,0,2,,,
1/23/2024,Astrofluenced,https://www.facebook.com/astrofluenced/posts/pfbid02MBgMphz9QKNSeNjJvfXK5AR3ScGmv8N3jwedehq9rg2dSsk4Y2F1YzkepaaaWuNil,Photos,8,8,1,1,0,0,0,,,
1/17/2024,Astrofluenced,https://www.facebook.com/astrofluenced/videos/399411852646878/,Videos,8,4,1,1,0,0,1,389.544,77.908,
1/13/2024,Astrofluenced,https://www.facebook.com/astrofluenced/posts/pfbid0xt5vW79gsD2oD3ue8CnYvwSQP9u7ksuzXBte6ZsN61BfQqD4R5rYsdmrKdDEuYoXl,Photos,8,8,0,0,0,0,0,,,
1/12/2024,Astrofluenced,https://www.facebook.com/astrofluenced/posts/pfbid0HSF5Zer8HivGhgxgShAD4yoxkHF2TqjQ7hM1b1NGx5XvtvhbossxX5XD3ojzVWmGl,Photos,8,8,1,1,0,0,0,,,
1/6/2024,Astrofluenced,https://www.facebook.com/astrofluenced/posts/pfbid02RQCbvUqY2LXqrTNbAGGbksPPy7hNGC9VWpPPvqvCHZoXzDgTW1AwMncCFHzyR9aJl,Text,8,8,1,1,0,0,1,,,
3/20/2024,Astrofluenced,https://www.facebook.com/astrofluenced/posts/pfbid033TuGnBGy5xQeiNsQhsxVtBcLNyELq7pSNbsQMLVprsHXSiQXrKBM16Drz9aUG7dil,Text,7,7,1,1,0,0,0,,,
3/18/2024,Astrofluenced,https://www.facebook.com/astrofluenced/posts/pfbid03536Lre7t7d1N2sgq5r7aA5rm5YhB9i3YC76AYwcCpaxwwMsQCUbs8JVaHEjAvkTtl,Text,7,7,1,1,0,0,0,,,
3/1/2024,Astrofluenced,https://www.facebook.com/astrofluenced/posts/pfbid0f7Mu2Zbrkfj1S2aGQwSWGRRoBK8RLuwBrP5R6HPe5MdNZJitnhHV9GdjRYqW5pWql,Text,7,6,0,0,0,0,0,,,
2/26/2024,Astrofluenced,https://www.facebook.com/astrofluenced/posts/pfbid02nqLfpgdDVZ8jdu658uAgitaRexbQMjWLUZzeSKRAsJMAe9baLFiAkN2whseB2UKTl,Photos,7,6,1,1,0,0,0,,,
2/25/2024,Astrofluenced,https://www.facebook.com/astrofluenced/posts/pfbid02sEte9h4k3Fha6u8XbGyq6XAodKt3wNHEbAWacpCCgnfrSZcxqBH6XgEx2s8CC7n1l,Photos,7,6,1,1,0,0,0,,,
2/25/2024,Astrofluenced,https://www.facebook.com/astrofluenced/posts/pfbid0wDDXPaLhEqfqDiFwEYbPm4Wiswh41ZpGJnjHSFgCieZwkUVzQSVTD1iHk1g98MSLl,Photos,7,7,1,1,0,0,0,,,
2/24/2024,Astrofluenced,https://www.facebook.com/astrofluenced/posts/pfbid02T2ELWyfVM8uFM2ZCizoGeSY9pFMqpyWE8ZBLqpTNXjtayVS355RVDn1N8pyMvsnXl,Photos,7,7,1,1,0,0,1,,,
2/23/2024,Astrofluenced,https://www.facebook.com/astrofluenced/posts/pfbid022uFQnoWWwA2tD4FYpFPCkBz2h1UZFJRGw98wSXK35JbtCqayAGXdevY34Wu1fQURl,Photos,7,7,1,1,0,0,1,,,
2/19/2024,Astrofluenced,https://www.facebook.com/astrofluenced/posts/pfbid0vzz6WsowGK1Nc4up64oZzXczmr9URghnw7GdFpoyeapJePVnQbJWUBwgdr2ehnPel,Links,7,7,0,0,0,0,0,,,
2/19/2024,Astrofluenced,https://www.facebook.com/astrofluenced/posts/pfbid07XoEaPJVECVCijFXikPUEPGzry1QQw6d598GDPxb64EMpzL6Lia5u2KAxbFULWKwl,Links,7,7,1,1,0,0,0,,,
2/11/2024,Astrofluenced,https://www.facebook.com/astrofluenced/posts/pfbid02Ui5mWZuZAnU5UqKosCi5VhnLULVNBCQTUDYzENxvWncWDVH8cDjSF4VHjko7rcJul,Text,7,7,1,1,0,0,0,,,
2/11/2024,Astrofluenced,https://www.facebook.com/astrofluenced/posts/pfbid06wBKfNh2mhUF1Ts4ingPzpJKv8YoQw6ixcBx57fCWnSNRDX82QyCEUS4qAEqUtLKl,Links,7,7,1,1,0,0,1,,,
2/10/2024,Astrofluenced,https://www.facebook.com/astrofluenced/posts/pfbid0arKy88PenDTu4EYFRrrgbQEr5RZApnu9zqWroJLinoqkF3KwNfKop8CeW1WnKrW6l,Photos,7,7,1,1,0,0,0,,,
2/6/2024,Astrofluenced,https://www.facebook.com/astrofluenced/posts/pfbid0xnWsymfBWyw8KR3gZHA5gbbxRw6VqMGsSj3zwAjJR3jLk7u3PAzPFrVDt39ARRNgl,Photos,7,6,1,1,0,0,0,,,
2/5/2024,Astrofluenced,https://www.facebook.com/astrofluenced/posts/pfbid02wqFkFEWAAp1YwPP644G7692rYEWs1rGgJXDtk1y5XeHsn9zxpcZCDhoJTRzxGqKPl,Text,7,7,0,0,0,0,0,,,
2/4/2024,Astrofluenced,https://www.facebook.com/astrofluenced/posts/pfbid0wgr3oceaHB52NwEv56XLpQww7EuAUfy3KLLX7vCQnPowS3YnfooyPiUNMoFLF62Hl,Links,7,6,1,1,0,0,0,,,
2/4/2024,Astrofluenced,https://www.facebook.com/astrofluenced/posts/pfbid024JW52pfwUvqADdJpzV3ZPzji7xzVEUxvLf6f6NyVDyiJwtTNAhAYuUdUjw2RbjC9l,Photos,7,6,1,1,0,0,0,,,
2/3/2024,Astrofluenced,https://www.facebook.com/astrofluenced/posts/pfbid0226Q3ZrjCfRYEEBZoVuvLYcSBYTuFd77LQCbBuFQBhrV2tBStmLmBf2QEzEURyUL5l,Photos,7,6,1,1,0,0,1,,,
1/31/2024,Astrofluenced,https://www.facebook.com/astrofluenced/posts/pfbid0gbREgGLGJo2w5G7qDBVRXhUWuNgPJPVCTmSUyJn5AiiZ57vLvigqEoQ66MdAn5yol,Text,7,7,0,0,0,0,0,,,
1/31/2024,Astrofluenced,https://www.facebook.com/astrofluenced/posts/pfbid0KK8EnUgL35jh2KJHQfMF2y54q6ehR7tEqKX95tLqYBpEjGxeXF2V9cu4fFvHkb2sl,Photos,7,7,0,0,0,0,0,,,
1/30/2024,Astrofluenced,https://www.facebook.com/astrofluenced/posts/pfbid033pymfHwUG5mr6V3cJvf3V7pbs8Eu7gm4feZEBpZM3oXnwkjwAfaL2hvptJjbGnMAl,Photos,7,6,0,0,0,0,1,,,
1/28/2024,Astrofluenced,https://www.facebook.com/astrofluenced/posts/pfbid0mwnyB1eetvqvpkBHbXf6wHoK896544dhLS9p4u6NdZ7J9BN5NhQSVjdvjq9TNTk4l,Text,7,6,0,0,0,0,1,,,
1/24/2024,Astrofluenced,https://www.facebook.com/astrofluenced/posts/pfbid0cNEzHGxE7tCts2AtiQSUTgCZ2RXxTrVQBjSXLa9DQt4d5ZqZEyj14tdwwwqqoZz2l,Links,7,6,1,1,0,0,0,,,
1/22/2024,Astrofluenced,https://www.facebook.com/astrofluenced/posts/pfbid09xTfdRQCxxL3zySKVLtg3uVnquqePpBUqLHJdGG9xTiu358Hdh9DATAv3vdvrg77l,Text,7,7,2,1,1,0,1,,,
1/18/2024,Astrofluenced,https://www.facebook.com/astrofluenced/posts/pfbid02LzycJr2ERQLh5WbRRqZNWcYjBpJPdXSVxF4i4DtkQupszbGgG6gBFmZBYWjw62oSl,Photos,7,7,0,0,0,0,0,,,
1/18/2024,Astrofluenced,https://www.facebook.com/astrofluenced/posts/pfbid02VQpRJARVSvWNPg5rL8XHyqExQRbZpmVarKWuyJqxJtFMKArpxt96VLxXs1DLRz6cl,Links,7,6,2,1,1,0,1,,,
1/5/2024,Astrofluenced,https://www.facebook.com/astrofluenced/posts/pfbid0HJGfBd7UgJKAZsgzphYYn2BMrngoVhzzHqfGzoUaihq8BddnFkemYZf79TFSsPERl,Links,7,7,0,0,0,0,0,,,
1/6/2024,Astrofluenced,https://www.facebook.com/reel/885701549758210/,Videos,7,5,0,0,0,0,0,19.742,4.935,4
1/6/2024,Astrofluenced,https://www.facebook.com/astrofluenced/videos/288111687192257/,Videos,7,5,1,1,0,0,0,18.071,4.517,
1/7/2024,Astrofluenced,https://www.facebook.com/astrofluenced/posts/pfbid02En3892d6AEYSCtrxJf6tgbNYC7Wi59yvFEn9WZTL39M3iWAGfKwYk8LnyHphex5fl,Text,7,6,0,0,0,0,0,,,
1/8/2024,Astrofluenced,https://www.facebook.com/astrofluenced/posts/pfbid02nkyJWaSEMj5MZdCzCbHexWQxCwxTJEikVupmX7wRezRoNUHBwFritcQfLD2uJLTAl,Links,7,7,0,0,0,0,0,,,
1/9/2024,Astrofluenced,https://www.facebook.com/astrofluenced/posts/pfbid0u2rr3rUMH4t64HTX2Dd6NBpANhAsyVp6zMEffmK6Gy5f8Qi3v6qDqZ4HFhTkYpBbl,Photos,7,7,2,2,0,0,2,,,
1/10/2024,Astrofluenced,https://www.facebook.com/astrofluenced/posts/pfbid09WFTknGJA91CL2q1FZ2MxG4w5g39DkuXB8Emxau1xQsdCRuiQPLG1UYwE8t7T9QHl,Photos,7,7,1,1,0,0,0,,,
3/18/2024,Astrofluenced,https://www.facebook.com/astrofluenced/posts/pfbid0wXEfZ1sWRQuLDy297aGcNG7pM85YTXx6gfqLAhLrnqNLJhaZAN43dgUi7Sp4F9vBl,Text,6,6,1,1,0,0,0,,,
3/16/2024,Astrofluenced,https://www.facebook.com/astrofluenced/posts/pfbid0z4fnuP89syT2YTt1886ezEbywJSXELDECMvoFfnK1xpYan8VacEC19tjKfKadf2bl,Photos,6,6,1,1,0,0,0,,,
3/13/2024,Astrofluenced,https://www.facebook.com/astrofluenced/posts/pfbid02nzQPAGdQhwVg38BRXyrrs6iBFJ5RYchKpBAhRtP2KQ4qj6GQLCsxfjt8dFTN42f4l,Text,6,6,1,1,0,0,0,,,
3/12/2024,Astrofluenced,https://www.facebook.com/astrofluenced/posts/pfbid0rSUfvnCguqeq1gt778CbsGGkXX9CccBjczKTVzAF5CkdysxFBse41DKmrJLCv1iul,Text,6,6,0,0,0,0,0,,,
3/6/2024,Astrofluenced,https://www.facebook.com/astrofluenced/posts/pfbid03511y9Z94drQe1cAu6Zi9A6U8zi2eWRL7gPhvgmV8Hp1whA7o17sgudwQ55kaXPu2l,Photos,6,6,1,1,0,0,0,,,
3/6/2024,Astrofluenced,https://www.facebook.com/reel/916909526573918/,Reels,6,5,0,0,0,0,0,77.635,19.408,5
3/6/2024,Astrofluenced,https://www.facebook.com/astrofluenced/posts/pfbid0zgvjzfhL6qWzpw5LcpRkXviecu68kGHFjNQQRLh5J4fTtPabp7wenJwV4dmssP29l,Text,6,6,0,0,0,0,0,,,
2/28/2024,Astrofluenced,https://www.facebook.com/astrofluenced/posts/pfbid0zPEdR54wYY5VkdWcEbR3LyrCVwfsmidoqNcL85P7afkUDZ7wb4zEku4CwJKKRxBul,Photos,6,6,1,1,0,0,0,,,
2/28/2024,Astrofluenced,https://www.facebook.com/astrofluenced/posts/pfbid0211GtJiVU4jWRuM49hGkSyvaDTcqSUm9BDQKNBLXnpfcSNMQvkuWWWtGcQnL1Q4Rcl,Photos,6,6,0,0,0,0,2,,,
2/27/2024,Astrofluenced,https://www.facebook.com/astrofluenced/posts/pfbid02rjjQwaYvASb6tCBz9khVdyixgrBMJtav1pCD6VxRJvooofBbnCckKv7AmPtiragal,Photos,6,6,1,1,0,0,0,,,
2/26/2024,Astrofluenced,https://www.facebook.com/astrofluenced/posts/pfbid02BAa9vK3MYkLsEdymCEbvVkCd3VWU9Tut8rKD2PP1u6uXPfvzfUrgX6WzWjNaPrwzl,Links,6,5,0,0,0,0,1,,,
2/26/2024,Astrofluenced,https://www.facebook.com/astrofluenced/posts/pfbid0tNXYgiZTRLao3M2JpqVCrinLLb5kQfUXjZUXrVRcWa2XMsjBhcJjgsSr3Na1CmeYl,Links,6,5,1,1,0,0,1,,,
2/24/2024,Astrofluenced,https://www.facebook.com/astrofluenced/posts/pfbid0sMzRW62FpAJENHFFSviRjJYqSDdHvH6ern4cU1WzVoay6QVSc9YPTu4bf2fX6S4Nl,Photos,6,6,1,1,0,0,0,,,
2/23/2024,Astrofluenced,https://www.facebook.com/astrofluenced/posts/pfbid0X77FHnapR1e9o786ixndLshCaBjCyFCMu6T6tUCSsQB1E7GYq29Zzb94oQp3Za55l,Photos,6,6,1,1,0,0,0,,,
2/21/2024,Astrofluenced,https://www.facebook.com/astrofluenced/videos/1057527111994560/,Videos,6,5,1,1,0,0,0,11.24,1.873,
2/20/2024,Astrofluenced,https://www.facebook.com/astrofluenced/posts/pfbid02ZL5tM9fbDzh8RvRfpvPvveJjBjXF4emLSoQrPosgXgtFdzK5GsJfsGLMHjKxT2cwl,Links,6,6,1,1,0,0,0,,,
2/19/2024,Astrofluenced,https://www.facebook.com/astrofluenced/posts/pfbid0nT4ZCZZMYDz8HAG2TTaPb2ySpXTpBZHRLL3c5U3w4vbKKUupcNuwuiuFPZ9TeJgjl,Links,6,6,0,0,0,0,0,,,
2/19/2024,Astrofluenced,https://www.facebook.com/astrofluenced/posts/pfbid05h6jaNvgDDix7ZNPHr7DUnUHXacyWczUoe5rF1GZKXimpxCF5xp8qZEJcV1t7TUkl,Links,6,6,0,0,0,0,0,,,
2/19/2024,Astrofluenced,https://www.facebook.com/astrofluenced/posts/pfbid0NmkAS1mRHmScjiJbUt9t1wfFTJoint25FHXUFtbCMvZvoTfM1zSxYASdyqMoa3aUl,Links,6,6,0,0,0,0,0,,,
2/19/2024,Astrofluenced,https://www.facebook.com/astrofluenced/posts/pfbid02uGHtfZQU2vA6beXJkMEbQbkhGtU7g54EdqDqCUWGSmNxkEmWFWgmxdSHfoAtGc7tl,Links,6,6,0,0,0,0,0,,,
2/19/2024,Astrofluenced,https://www.facebook.com/astrofluenced/posts/pfbid02cwsqHEsYnUC2ADLeW9NrpL7mLiJiQgjB1DHfAokxp6CsFnsmszviHyqNowNSDZR3l,Links,6,6,0,0,0,0,0,,,
2/19/2024,Astrofluenced,https://www.facebook.com/astrofluenced/posts/pfbid02pJrLZNakQWqtv7EFDXyZmtAnjnW484SpS3YVP8EL4nX5TVg5VVppmGRPa2vu5z8Vl,Photos,6,6,0,0,0,0,0,,,
2/18/2024,Astrofluenced,https://www.facebook.com/astrofluenced/posts/pfbid0JCoQK795E2Hsx8i7wW4wAXwBrrUHA2xci64QpHnikn89ak2X8GKbWD21h43QHgYYl,Photos,6,6,1,1,0,0,0,,,
2/17/2024,Astrofluenced,https://www.facebook.com/astrofluenced/posts/pfbid02zU3FMXjm7uVKSX65BudZJkFwRYpxxiUFg3BZNYcnv3KdJQyXP2BaDeja1LFcVhnSl,Photos,6,5,0,0,0,0,0,,,
2/16/2024,Astrofluenced,https://www.facebook.com/astrofluenced/posts/pfbid0288rURTK5eC2FF2qWEj4q1Y8Dn6E1C5P9daNtbmpt87uSkxVjwg2RdC9VZskGJp1wl,Photos,6,5,1,1,0,0,0,,,
2/14/2024,Astrofluenced,https://www.facebook.com/astrofluenced/posts/pfbid02C6xbzUYDiV8x6Ve1zKQumfUWXdiTftPcmj6SzLu9332wjZUY7RCKqjsAoGasfpXEl,Photos,6,5,1,1,0,0,0,,,
2/8/2024,Astrofluenced,https://www.facebook.com/astrofluenced/posts/pfbid0XWhTQoFEnPMk1J8H69yHgTik8xj3TtzfbA85czdGUomzcfG5VbYM5dcqy6oUhiDMl,Photos,6,5,0,0,0,0,0,,,
2/5/2024,Astrofluenced,https://www.facebook.com/astrofluenced/posts/pfbid0tFyX9nv5ZG21RcE5JscTyN5sfPtb86aDyW2CxHDqXchtvqNEjxrnZX5cvieLR7ZXl,Links,6,5,0,0,0,0,0,,,
2/5/2024,Astrofluenced,https://www.facebook.com/astrofluenced/posts/pfbid02FG71X7bAkekTB4Af6p2j3jRV4S3RgcbqZrrWEnXg8mTAyUU3yn6pzH2MgBWUMCwTl,Photos,6,5,1,1,0,0,0,,,
2/2/2024,Astrofluenced,https://www.facebook.com/astrofluenced/posts/pfbid0xQEhtRhA8asWRVyB241sbYeCUig18bFyoF2SR43ohBoo2R6JKC9884xSNVBcRa6Zl,Photos,6,5,0,0,0,0,0,,,
2/2/2024,Astrofluenced,https://www.facebook.com/astrofluenced/posts/pfbid0vu2jSxyKuCjJGPtzQ1vH4XixgzDw6XMFhjYrMThkhew1DPETFx3prNVD9FpsCdtl,Photos,6,6,1,1,0,0,0,,,
2/1/2024,Astrofluenced,https://www.facebook.com/astrofluenced/posts/pfbid033Mttj2mN2H73kp298pgCCqU73Swm6kGiGVgfKo7Ko48HTxgw4zeUEvBiFJSACkqcl,Links,6,6,1,1,0,0,1,,,
2/1/2024,Astrofluenced,https://www.facebook.com/astrofluenced/posts/pfbid0nfjJAqU7Pb9bzhHrabREs9xutQjxKvY58byv9Zo2m1sJV7YTRoheAYaYec64gpDGl,Photos,6,6,1,1,0,0,1,,,
2/1/2024,Astrofluenced,https://www.facebook.com/astrofluenced/posts/pfbid021fAr93PGDG5vyMQzgUG6W622umj3zHhjvHUWtBWXc9e76wQcceGRDEYP3RFoudykl,Photos,6,6,1,1,0,0,0,,,
1/29/2024,Astrofluenced,https://www.facebook.com/astrofluenced/posts/pfbid02h964nafeGHX8iszxbMNMh2fc2UseTom9Lf1qEEaYUTP45qVkEAzuMiYA5TatfN8yl,Text,6,6,0,0,0,0,0,,,
1/28/2024,Astrofluenced,https://www.facebook.com/astrofluenced/posts/pfbid02FTTmLC5jJYR5NEBjMqg5vnQWNUXTqzwoLGJSypdKwzmYgobjdpwRvbiAosr22D3el,Links,6,5,1,0,0,1,0,,,
1/27/2024,Astrofluenced,https://www.facebook.com/astrofluenced/posts/pfbid09cUWaLHT5QDnGPLrU7sFSSQJsszV1YbFKVYi92JzBS3x8qXzXHUZT9qCcdQSbFbNl,Links,6,5,0,0,0,0,0,,,
1/27/2024,Astrofluenced,https://www.facebook.com/astrofluenced/posts/pfbid0fMSyyUKgfua6BFV7YeL7krKQJxJfxwDWFu8a2pkHbhZMzLbZiJ4WNHeaDJFAAGgrl,Text,6,5,1,1,0,0,0,,,
1/22/2024,Astrofluenced,https://www.facebook.com/astrofluenced/posts/pfbid02zEpqUF48dPV1VDipkciBEauUqA6AC9URYjs2DMxBfA5k8r7Jdz2UHrrJwjs7PcpTl,Links,6,5,0,0,0,0,0,,,
1/3/2024,Astrofluenced,https://www.facebook.com/astrofluenced/posts/pfbid0386T4XmosnUKya1tspK4XVuFu2Fti3NU9DUWcjoaNz9AuPsKQrCHXCnkU4gLRdZ9zl,Links,6,6,0,0,0,0,1,,,
1/3/2024,Astrofluenced,https://www.facebook.com/astrofluenced/videos/2028726637498135/,Videos,6,6,1,1,0,0,0,39.984,7.996,
1/4/2024,Astrofluenced,https://www.facebook.com/astrofluenced/posts/pfbid08R8JVe2ZZSQqcrrQqMqzJkCD69q1zv4yctbQsdAvPc9iH36hxh8SAGcziAu34Txsl,Links,6,5,1,1,0,0,0,,,
1/4/2024,Astrofluenced,https://www.facebook.com/reel/7027700850651508/,Reels,6,4,0,0,0,0,0,32.189,10.729,6
1/7/2024,Astrofluenced,https://www.facebook.com/astrofluenced/posts/pfbid0ePrt8KAQ8hwP6H2jVJXrVhQHGHhkk9yJeBoqb8GNxcekHddbgoC4WvJe7oBL6KL8l,Links,6,5,0,0,0,0,0,,,
1/9/2024,Astrofluenced,https://www.facebook.com/reel/290360807342670/,Reels,6,3,0,0,0,0,0,13.827,3.456,5
2/25/2024,Astrofluenced,https://www.facebook.com/reel/393210823442233/,Reels,5,3,0,0,0,0,0,30.974,15.487,5
3/18/2024,Astrofluenced,https://www.facebook.com/astrofluenced/posts/pfbid02GY9b4XJNBis3owYkxj5NrYD6LaYwsRfg8c3UrbjQqyv1Dv1ShDeEVZRd65hUgKDpl,Text,5,5,1,1,0,0,0,,,
3/18/2024,Astrofluenced,https://www.facebook.com/astrofluenced/posts/pfbid029d29TMoG8Hzs3YozyEs63s4hNE8CiSiQcSyxWrZHN6qzuepVvaWkRxKr7MjJfvbYl,Text,5,5,1,1,0,0,0,,,
3/15/2024,Astrofluenced,https://www.facebook.com/astrofluenced/posts/pfbid02nLwnHzPp7nVu8EqqXeoC9NiJbHAiGqUdeVjz6eJwxM6itjEbuDZV6q6cvLX9v9rUl,Photos,5,5,1,1,0,0,1,,,
3/13/2024,Astrofluenced,https://www.facebook.com/astrofluenced/posts/pfbid09ocbd1GTmfJyCV4Er5nJsxYyMAS37NPKf5F8d952KCPJCAmNHCpJfnv3vS3txc6Ql,Photos,5,5,1,1,0,0,0,,,
3/12/2024,Astrofluenced,https://www.facebook.com/astrofluenced/posts/pfbid0KTeJeHYkSshji37bMjGjSBuay9qm7LTV3FsPsMAgu6SrNxBmDeHTbTadphvSjgNrl,Photos,5,5,0,0,0,0,0,,,
3/9/2024,Astrofluenced,https://www.facebook.com/astrofluenced/posts/pfbid031x6b1EUAgAAHyerXhqNUpTj3Tsg58ysteH5V3jnn6CJumdtDkL681zeuCBJVB1gMl,Text,5,5,0,0,0,0,0,,,
3/3/2024,Astrofluenced,https://www.facebook.com/astrofluenced/posts/pfbid0F6PMMXxVQ5KEpN9H8QTdNmH1bZQnk8Pc4RvHdkbuEswQGhz7iE9MuhNN8dPHCRTwl,Photos,5,5,1,1,0,0,0,,,
3/2/2024,Astrofluenced,https://www.facebook.com/astrofluenced/posts/pfbid02NDCVTAKKN2jUZfUWyFeXY1TKj8njCGxEpctcUEfMmyPziL93XPnV8KtuSK6SpXtUl,Photos,5,5,1,1,0,0,0,,,
2/27/2024,Astrofluenced,https://www.facebook.com/astrofluenced/posts/pfbid0kA9ptgQXsYgDaXny332vtvi7p4K9EULMFXh6Bws1yjVYUyBTwnM72ouWep2oV6Y5l,Text,5,5,1,1,0,0,0,,,
2/26/2024,Astrofluenced,https://www.facebook.com/astrofluenced/posts/pfbid022LGWcqDgQW6Ntu7WLmhuU5H6CnPyAw3yD1sZo2VXoWs3ApsCyy3P7hZVyetc31gel,Text,5,5,1,1,0,0,0,,,
2/26/2024,Astrofluenced,https://www.facebook.com/astrofluenced/posts/pfbid0iffB9QJ8SdcUxwVuZQhgeiB66ntxRUEUUeHKncKVb2r8kATNkQV8TfDLKZDQ7PW8l,Links,5,4,0,0,0,0,1,,,
2/26/2024,Astrofluenced,https://www.facebook.com/astrofluenced/posts/pfbid0GcxNou3iJjm9SGV1Kky6nv4MxeMeW6Y4vjdcbyFKsbpmZN7TwKfkTrrf5uHUhshXl,Links,5,4,0,0,0,0,1,,,
2/26/2024,Astrofluenced,https://www.facebook.com/astrofluenced/posts/pfbid02wzY8ME1uExcuC5gCX9EaEVnDgQYjv1RgZ6HfWArufcynTBj7yYmdY5wr8tfEdd3Pl,Links,5,4,0,0,0,0,1,,,
2/26/2024,Astrofluenced,https://www.facebook.com/astrofluenced/posts/pfbid02CohELqR4A8ikeQTDmeVyBJeLxHMrsAdBYMjxt14aNtm1gzdipsCiHyz6znpQSNgcl,Links,5,4,0,0,0,0,1,,,
2/26/2024,Astrofluenced,https://www.facebook.com/astrofluenced/posts/pfbid02581R7kLoUz13KT9B27VBWSwpQFBwmcpTiBAujseFY314nT2LEyT7qB7rc1QbcpbBl,Links,5,4,0,0,0,0,1,,,
2/21/2024,Astrofluenced,https://www.facebook.com/astrofluenced/posts/pfbid0wJTYL4vmxien3DVENe212pnLJ3WCgsNfnQ4yu5T31EdwZFXLNPDiwvDoPQLkhkkRl,Photos,5,5,1,1,0,0,1,,,
2/21/2024,Astrofluenced,https://www.facebook.com/astrofluenced/posts/pfbid02JnywfKUNNWb8ogn8itnqstVe9cwevZqDB9oeMzJtW7mnLqJiuoLCF5hLxrxwNd1kl,Links,5,5,1,1,0,0,0,,,
2/19/2024,Astrofluenced,https://www.facebook.com/astrofluenced/posts/pfbid0EF8cGtw2rzN1E9Z991V8vchvD5JKnpJesN9RMFeLUHHQxq8PszdkGZtX4Ddk8jTkl,Links,5,5,1,1,0,0,0,,,
2/19/2024,Astrofluenced,https://www.facebook.com/astrofluenced/posts/pfbid02NXYdmD7TL7pEW64DLCDNoTHCvPMzmkAo39HAJSr8xkHYXmbGfbXx8Mj17yV2YyCWl,Text,5,5,0,0,0,0,0,,,
2/19/2024,Astrofluenced,https://www.facebook.com/astrofluenced/posts/pfbid02pXC5P3EBUKtZDf4qn2hJWaTp9pb12Xr8uspKTCuPpwB3XUsBayvPDhzL2ZzHdo4kl,Links,5,5,0,0,0,0,0,,,
2/19/2024,Astrofluenced,https://www.facebook.com/astrofluenced/posts/pfbid02PjLBNiPSZG6PdBCnhbXeEyjQdCiJosNAKuW6vndtjtzn5vde7jQkoEz1GwBcUhc8l,Links,5,5,0,0,0,0,0,,,
2/19/2024,Astrofluenced,https://www.facebook.com/astrofluenced/posts/pfbid0EqkYd9BbA3frTFVsvXSwCK6TMmuephpgtQpiRhPsFMM4Nve4u1mdFodKeMcmBWS2l,Links,5,5,1,1,0,0,0,,,
2/17/2024,Astrofluenced,https://www.facebook.com/astrofluenced/posts/pfbid0kySXeSCwrZU7y89uH3qTWAaXHX5qUBhNETtqbcukFK2dbUsDtsnbtDZC27W1X2rPl,Text,5,3,0,0,0,0,0,,,
2/16/2024,Astrofluenced,https://www.facebook.com/astrofluenced/posts/pfbid02ZzJptrBcKNzo2je1NizAnBHWArLtYPkbqku7ruLaxtZs43EQM6VA7TRzewugPuM3l,Photos,5,4,0,0,0,0,0,,,
2/16/2024,Astrofluenced,https://www.facebook.com/astrofluenced/posts/pfbid02UoeqU93AMS8sZepK4oyWM5DPLw9zYTX8que2rrjdhPDNxQe9w9qRgdvchz8sX1JFl,Links,5,4,1,1,0,0,0,,,
2/15/2024,Astrofluenced,https://www.facebook.com/astrofluenced/posts/pfbid025NXs2hipxHpWyWnJ43jeKZtm9LQxH5SSXky5NrUFGAR3K8uNUPBiTYcLS5eQ6jzRl,Text,5,4,0,0,0,0,0,,,
2/12/2024,Astrofluenced,https://www.facebook.com/astrofluenced/posts/pfbid02qAyhqANCguECA3DhatEhFGjT7b8AMByykfqooigiAed12E3c2QwYki2AjiU1zbavl,Links,5,3,1,1,0,0,1,,,
2/12/2024,Astrofluenced,https://www.facebook.com/astrofluenced/posts/pfbid0wB2qjXFCfyvRA7R4eQpJ95dGn5LVNSYKiBxtvwvthKMkB4ruA4KLT3iJqphQGtsKl,Links,5,3,0,0,0,0,1,,,
2/11/2024,Astrofluenced,https://www.facebook.com/astrofluenced/posts/pfbid0RzAbSjTcBAfPgrisFyjzPEEQfaeNmqgriXdt5jSUUMjUDkQwzXGhSpnAPBu86vWtl,Links,5,5,1,1,0,0,2,,,
2/11/2024,Astrofluenced,https://www.facebook.com/astrofluenced/posts/pfbid025u18GUw3or1dSwrtY53q1AGXJ3X5z2Y19bghanTorCVVctmg8VgZUsD4SuMJZioMl,Links,5,5,1,1,0,0,0,,,
2/8/2024,Astrofluenced,https://www.facebook.com/astrofluenced/posts/pfbid02nMi7yQgEcfMbot56EL1QDkVJhhLF8CzKBM66ECM5z1e8JjUZfEWYP5NU1dzEgFgjl,Photos,5,4,1,1,0,0,0,,,
2/8/2024,Astrofluenced,https://www.facebook.com/astrofluenced/posts/pfbid02KHNqC1hmkQVP9MaBHBkKJ7rVqkbmq5A3W6BbPwpZsF2dq7kwjKw4jzKumRRe1GKSl,Photos,5,4,0,0,0,0,0,,,
2/8/2024,Astrofluenced,https://www.facebook.com/astrofluenced/posts/pfbid029fKAVceXd2Bfp7EZtfMujWShnRtjzqkiFEptvDYF4uwHsTLfZ7DsDF1nzG9M3zbQl,Links,5,4,1,1,0,0,2,,,
2/8/2024,Astrofluenced,https://www.facebook.com/astrofluenced/posts/pfbid02mH2GoqpVtgFEF1Hpa4zqpgp1ovG5QSDx263u8kZmfrGsGZi9JSJvFksZmwHKHbw7l,Text,5,5,0,0,0,0,0,,,
2/6/2024,Astrofluenced,https://www.facebook.com/astrofluenced/posts/pfbid0VB4Py5s9kDMWuPqpFFd3u6KxmA3u6NNzm77VrPJcwbhNeSGiGwWBZbA3D6HkeQufl,Photos,5,5,0,0,0,0,0,,,
2/5/2024,Astrofluenced,https://www.facebook.com/astrofluenced/posts/pfbid023SozRNdPEUUTtHNMc1Rf9Dw4ENXQhkU2JHyUKooo9BYQLYtoQj3xYr97iatANtyYl,Links,5,4,0,0,0,0,0,,,
2/5/2024,Astrofluenced,https://www.facebook.com/astrofluenced/posts/pfbid02A6sN53FnrkncjF7hU6mS7UxsrQ5L6CfzwYcZ12os6P2oEkKLtuzHoQxARXWFDne1l,Links,5,4,0,0,0,0,1,,,
2/5/2024,Astrofluenced,https://www.facebook.com/astrofluenced/posts/pfbid0r6Gr7HaPAStpgMkQBEqormdavMgUwSYS3v4qxCgzK9fG2zmKR2mE6T3RmThVUa2fl,Links,5,4,0,0,0,0,0,,,
2/5/2024,Astrofluenced,https://www.facebook.com/astrofluenced/posts/pfbid0fqJCb9nDQb2ZzvC7V848mGzdgw4ts8it94vKRB29S9XstrL5eUsnvN24t4UdTFekl,Links,5,4,0,0,0,0,0,,,
2/5/2024,Astrofluenced,https://www.facebook.com/astrofluenced/posts/pfbid0xquEr44CJ7utN8ofEhQw7YToJ1hDQYzUsGe3R3zzFNPz3k14N1d4LErBUJmWrx1fl,Links,5,4,0,0,0,0,0,,,
2/5/2024,Astrofluenced,https://www.facebook.com/astrofluenced/posts/pfbid0XJMfifKc31VhFWwrobeHvrgcBrPjDoAuUBHvNjNsWAV49D3UN7xkBT6wgg4ems2al,Links,5,4,1,1,0,0,1,,,
2/5/2024,Astrofluenced,https://www.facebook.com/astrofluenced/posts/pfbid0mdmq1a7qiQEQZwnfZ16D3Y6KTdqYw1xq2Gr8GKkEJuZuFhpFpLs9VYEPjGNoaU1ml,Links,5,4,0,0,0,0,0,,,
2/4/2024,Astrofluenced,https://www.facebook.com/astrofluenced/posts/pfbid026PWKk9H8GniaZaXvdxhcfG15B8m3sD2xpoWxYYUVUfCdTJYJFuicPn5fYKrEAxf6l,Text,5,4,0,0,0,0,0,,,
2/2/2024,Astrofluenced,https://www.facebook.com/astrofluenced/posts/pfbid023GywQNLmX2rGWmtUg8NnCXjGsJj6cRtdSyMfwEmw9pDeMe1QBpvnUZprSzj3wbRfl,Links,5,4,1,1,0,0,0,,,
2/1/2024,Astrofluenced,https://www.facebook.com/astrofluenced/posts/pfbid0rpksTMop94ruPCibRt3N5WaUUxEASMAQrkMWQAB6JhETd9hcjrxqFLbshmgCdithl,Links,5,5,1,1,0,0,0,,,
2/1/2024,Astrofluenced,https://www.facebook.com/astrofluenced/posts/pfbid0SZUYdnHyAjxC2ZrDn8H1JiNxdXW82v7d1Tdu8bs6f6w4Uv9AX1LeqBLCVysxjtwul,Links,5,5,1,1,0,0,0,,,
1/30/2024,Astrofluenced,https://www.facebook.com/astrofluenced/posts/pfbid02QmPyvBVVAP2oMzxmd2kCqpAGGt6NYbR5G6zhxvSbtrRooeV6WgToi8qbaCeH6w7Zl,Text,5,4,0,0,0,0,0,,,
1/29/2024,Astrofluenced,https://www.facebook.com/astrofluenced/posts/pfbid0b8pQVViX8EYhHCsJF7omhfvkUS3t8gWm64Nmn5W6QnxVESEW9vdhiTiKBRPeo2T9l,Links,5,5,0,0,0,0,3,,,
1/25/2024,Astrofluenced,https://www.facebook.com/astrofluenced/posts/pfbid02Gy3omy25h9BNZumtXxJ2bzKy4VB8CKHKbty8TRDkP5n7AtMjzAH2Q7AR5okGpTWJl,Photos,5,5,0,0,0,0,0,,,
1/22/2024,Astrofluenced,https://www.facebook.com/astrofluenced/posts/pfbid0j34ejtarZaKRNUTaUg9oJbHNSQqRUpSbcwGfbeFmu86JkfvCbe2eRocHuwVGwbvCl,Links,5,4,0,0,0,0,1,,,
1/22/2024,Astrofluenced,https://www.facebook.com/astrofluenced/posts/pfbid02o74mWdffLfAbyPhcbE7BznuAF3SGwPLJvvKFGi17NdQuKkXhWiqxDm2sx4oj3HSEl,Links,5,4,0,0,0,0,0,,,
1/22/2024,Astrofluenced,https://www.facebook.com/astrofluenced/posts/pfbid038Df6MuyuDd3KSW4vVMM715MYcDdERJN4knYcz1PVRYWid3fjjHgDhvdVoY8hgLXSl,Links,5,5,0,0,0,0,0,,,
1/22/2024,Astrofluenced,https://www.facebook.com/astrofluenced/posts/pfbid0MHgpnK31jeLVGhLd4DwYzxMeNCU3yZ1oYJgf3r6rrmFdcyy3KFHhFEJ6fuDeoF7ml,Links,5,5,0,0,0,0,0,,,
1/22/2024,Astrofluenced,https://www.facebook.com/astrofluenced/posts/pfbid0fngCqXJiy4eo1uUv5wo1oj33fR2DoWcPjCaUN7Dm287KRuiwruabU4dxz788rt7dl,Links,5,5,1,1,0,0,0,,,
1/21/2024,Astrofluenced,https://www.facebook.com/astrofluenced/posts/pfbid0JygkeQLSnZt5evdRJeqNXkZyHhb3er5MVvS1MxsHAt3cWXmNAXBVN1ohNxMnHAD5l,Links,5,5,1,1,0,0,1,,,
1/20/2024,Astrofluenced,https://www.facebook.com/astrofluenced/posts/pfbid024u7ywqHPw5YToSw4fqdSC7M1dkT1P1u3xH4QoXQdhCYtE8Jn6dCCbro9HRDxWTmBl,Links,5,5,0,0,0,0,0,,,
1/18/2024,Astrofluenced,https://www.facebook.com/astrofluenced/posts/pfbid02sYanAXLESBno8TwWo12CB4AE2SYgqPxApNP8ScGoSku8zBdVwBCXZd1uqDSYXzoyl,Links,5,5,1,1,0,0,3,,,
1/18/2024,Astrofluenced,https://www.facebook.com/astrofluenced/posts/pfbid0CG8iBVCMHxFjXMH1PuPDWXZSxZp6ix5bBfbbC3p835bmk7mdVAnhond8fYVgqw4Al,Text,5,5,0,0,0,0,0,,,
1/16/2024,Astrofluenced,https://www.facebook.com/astrofluenced/posts/pfbid06S26TGBCu8zjvhcQAEXuNk38KTXrL8Q3ZxV7v2kXQpfM5sYfZeRLBqQhENE4mz1Ql,Links,5,4,0,0,0,0,0,,,
1/12/2024,Astrofluenced,https://www.facebook.com/astrofluenced/posts/pfbid0dK4kT1q6A8svomgYJqKT3na1M6EGXHUZHvYC6be5y3cDRyidm16groihUbbT8i72l,Links,5,5,0,0,0,0,0,,,
1/11/2024,Astrofluenced,https://www.facebook.com/astrofluenced/posts/pfbid0z7BW9H855DHtLqyqqaDX9AzupNqgahCSBgeLUefA3JrNRRakEAFSyjeu25BBsxStl,Links,5,5,0,0,0,0,1,,,
1/4/2024,Astrofluenced,https://www.facebook.com/astrofluenced/posts/pfbid03nFY2fsRuz12Dtoewz27vMKQ9drsw44AzX4HHeEu6Sp2Zjd9Rfzx7Sbw232axb2Jl,Text,5,4,0,0,0,0,0,,,
1/6/2024,Astrofluenced,https://www.facebook.com/astrofluenced/posts/pfbid0wpP7Dbj2LUPQv7Bqk5NP8SvEuUxW9XoVeC5bg5FaQiJvWXJ1AgByyK7PMRNw52uYl,Links,5,5,1,1,0,0,1,,,
1/7/2024,Astrofluenced,https://www.facebook.com/astrofluenced/posts/pfbid02AuPhi98gW9auZdpehsfRHdqSH2GzqGTS1uKcRYUHfoAKXwsWnDSe3wzedrvWKDdil,Links,5,4,0,0,0,0,0,,,
1/9/2024,Astrofluenced,https://www.facebook.com/reel/3650312988576425/,Reels,5,2,0,0,0,0,0,18,4.5,6
3/18/2024,Astrofluenced,https://www.facebook.com/astrofluenced/posts/pfbid0RJ5yPb7RJg5upRzdaDetS1KDwGWsYi1WgPcZXrY3tPGeqV4SGaztk7ppDBbow1Edl,Text,4,4,1,1,0,0,0,,,
3/18/2024,Astrofluenced,https://www.facebook.com/astrofluenced/posts/pfbid088CWAE3VfXAeLrN8vmzybSb5AqTitkNyGdYgi4Ndo8ptFYCnXdwbJ7CZ48AkSnuhl,Text,4,4,1,1,0,0,0,,,
3/18/2024,Astrofluenced,https://www.facebook.com/astrofluenced/posts/pfbid0uiwWyU6jq52jhhpsosSgHWs5dTB9op4fpcnmBaZfRF4JfnH9bAkVeDejgVehn6uHl,Text,4,4,1,1,0,0,0,,,
3/17/2024,Astrofluenced,https://www.facebook.com/astrofluenced/posts/pfbid0QpZkvWvDMhKKwiTC4dBMtvmCfqzzpSBdE6hUHHKcLvkawfVazQFFYnARDXCpa9ZRl,Photos,4,4,1,1,0,0,0,,,
3/16/2024,Astrofluenced,https://www.facebook.com/astrofluenced/posts/pfbid0J3WzmszEKAXtC2oBxVwrvYsLF9KSHU5PVLDoPV5Av5keNwz31guGtLDLeqStd6dhl,Text,4,4,1,1,0,0,0,,,
3/16/2024,Astrofluenced,https://www.facebook.com/astrofluenced/posts/pfbid0kwhCxRmeqsvhCXgmt3LTsqTV5fkM8KTVdnYx1BerX78xMznbhTqZaYb2v1TFQMtcl,Photos,4,4,1,1,0,0,0,,,
3/15/2024,Astrofluenced,https://www.facebook.com/astrofluenced/posts/pfbid0FoLeUJLshPEAo6eMduYQyJ1DxcmzQidEtTQT3inLaHdubbqzzb8NLi2sYPh5heKSl,Text,4,4,0,0,0,0,0,,,
3/15/2024,Astrofluenced,https://www.facebook.com/astrofluenced/posts/pfbid0nGaT1sTtaJgqPMg7yxvjZz8pwya9WcQvunpkLQNd3NbjnFgymTbVBsz4wyUUuMoFl,Photos,4,4,1,1,0,0,0,,,
3/13/2024,Astrofluenced,https://www.facebook.com/astrofluenced/posts/pfbid0qMnsdgd9sD1yRFAL3s4Xo641GS1YRDJEvDG3guL2ik7zetFqM9DLCJ53g53AdfGRl,Photos,4,4,0,0,0,0,0,,,
3/13/2024,Astrofluenced,https://www.facebook.com/astrofluenced/posts/pfbid02LzkwYSWgZr6rD8Qs3fNVxH25ig8pftcwj4u9Mbm4YDBCSyoTr9F4wbdc12riGQLCl,Photos,4,4,1,1,0,0,0,,,
3/12/2024,Astrofluenced,https://www.facebook.com/astrofluenced/posts/pfbid02L7KYEz2qJYZuL95aFGt5xMf5Vp3vX4SUegFgcEQq77UgCS73TqRJBPXMry57ht8Pl,Photos,4,4,0,0,0,0,0,,,
3/11/2024,Astrofluenced,https://www.facebook.com/astrofluenced/posts/pfbid0tgz2Ny7NKDPZSXPui6bd5F91BoPXT2FGQABUPdk942q44XrEBamaHvHcHBnND9tJl,Photos,4,4,0,0,0,0,0,,,
3/10/2024,Astrofluenced,https://www.facebook.com/astrofluenced/posts/pfbid0c3g9mb1STStauUZPaH7kyuMkNAjX68hw9oqtjbmkqjDuvV1z2xGcRufBEuGBwu7Hl,Text,4,4,0,0,0,0,0,,,
3/9/2024,Astrofluenced,https://www.facebook.com/astrofluenced/posts/pfbid02C5RuCQLGt4ATFKCP5NMbZTFdmFL6bazG86Ko2jMWqQNPZprb5aAaBcJagqVNsgzbl,Links,4,4,1,1,0,0,1,,,
3/8/2024,Astrofluenced,https://www.facebook.com/reel/783673680344722/,Reels,4,3,0,0,0,0,0,42.456,10.614,4
3/2/2024,Astrofluenced,https://www.facebook.com/astrofluenced/posts/pfbid0rKGe6e2fUhGfozZihYTX9oRRKox6cL7EJZNUwhvXQ74N7obAST5kP7Wfrk8GQNuNl,Photos,4,4,1,1,0,0,0,,,
3/1/2024,Astrofluenced,https://www.facebook.com/astrofluenced/posts/pfbid0jdMcNmDBum1HpQnwH4GbJHjkFMvcFvtYqP8SmmGJoWi1E3khvTiSVbfXh9rghChVl,Photos,4,4,1,1,0,0,0,,,
3/1/2024,Astrofluenced,https://www.facebook.com/astrofluenced/posts/pfbid0ZhP62f6hrK4yAeocfarS5Bxkd2MTJGtVLKVPHM5woRJrADq5oMh38uo9Ht3WXLQ4l,Photos,4,4,1,1,0,0,0,,,
2/29/2024,Astrofluenced,https://www.facebook.com/astrofluenced/posts/pfbid02NDJrGbiC8YP412BLnwGeEEhtp3csXpgByBruQCnuACGVH6XPnHFJJuMzKMebechPl,Text,4,4,0,0,0,0,0,,,
2/29/2024,Astrofluenced,https://www.facebook.com/astrofluenced/posts/pfbid0q1b2NxMkH86FqH67GonaTHJ35AgyWz5n6eXX4PezgzgEoWmDEWakKywkwX17R7wZl,Photos,4,4,0,0,0,0,0,,,
2/28/2024,Astrofluenced,https://www.facebook.com/astrofluenced/posts/pfbid024T8Sqbf2z2VQBs4YeCvM4hTUXdNxm8QR66QJTjRHpx3HSfdAYW3JK2MYnDWqpoB1l,Photos,4,4,1,1,0,0,0,,,
2/28/2024,Astrofluenced,https://www.facebook.com/astrofluenced/posts/pfbid024Tg7kcRudAMeRgCgvNRY622eWCjPowmb8ZxPrj2pKSdTzEizavVuFNpgvtzTAVLXl,Text,4,4,1,1,0,0,0,,,
2/26/2024,Astrofluenced,https://www.facebook.com/astrofluenced/posts/pfbid0wBo9yhtXLF7S7EDEshWL1r4mg9AGatkCdqkTmuzJ3Gcn2XAmnJu1UPjCbBEtVQcHl,Links,4,3,0,0,0,0,1,,,
2/26/2024,Astrofluenced,https://www.facebook.com/astrofluenced/posts/pfbid0CmQJD373wD5fNCRx967cWKovs7wqWP2vDxTmyynQhENoZxqE164738Liaih5zFWHl,Links,4,3,1,1,0,0,1,,,
2/25/2024,Astrofluenced,https://www.facebook.com/astrofluenced/posts/pfbid02ccDhozfDWswjXRfhKZVr3zDFXQHhCFUwnGeKMrNaFfju4LKyheM2nWNVzU7oAsLil,Photos,4,3,1,1,0,0,1,,,
2/22/2024,Astrofluenced,https://www.facebook.com/astrofluenced/posts/pfbid02mpoYe461tUc8DKNDJcp23BR28NzndLaqtpJFnGaxdGj42b2nbgCWqDS1KHxkTc6Jl,Photos,4,4,1,1,0,0,0,,,
2/22/2024,Astrofluenced,https://www.facebook.com/astrofluenced/posts/pfbid039EGhCew37qYHH2fLWW9u69vWFBAw3dsDdfdCfkpbtYpng6BroNZdirYuJq3DAohl,Photos,4,4,1,1,0,0,0,,,
2/19/2024,Astrofluenced,https://www.facebook.com/astrofluenced/posts/pfbid026s2YDDULE1QrrhMsj85WZuGa3wVzXSR8vhXjpThGXm7KUP8a8CSswenjDs1nxWtul,Links,4,4,0,0,0,0,0,,,
2/19/2024,Astrofluenced,https://www.facebook.com/astrofluenced/posts/pfbid029dto5kCMiBKkBuFe7rbmgxSs57vWNoHGXntxBceMPHWWhdU3auhB3Nm3tS6CXhGUl,Links,4,4,0,0,0,0,2,,,
2/19/2024,Astrofluenced,https://www.facebook.com/astrofluenced/posts/pfbid0mNGQ62awj34LkKJ1Px1TAfBF5GEjP6UvzWvU89LUp3aRwZmjhKDnKsvAKfV6qHzWl,Links,4,4,1,1,0,0,0,,,
2/18/2024,Astrofluenced,https://www.facebook.com/astrofluenced/posts/pfbid02mrmY6U2rkqH5bR7r3pD6d2ShyV31HUuWT9ccTJTRQjKKzfJ2LdyVi1K1ULVPoei3l,Text,4,4,0,0,0,0,0,,,
2/18/2024,Astrofluenced,https://www.facebook.com/astrofluenced/posts/pfbid02bCXi3AUhFwnDfu1Mcy57c7VfmC8eT4XwbLdfbmRfyA5ap3VzAkvWHYTWVwi3fZmul,Photos,4,4,0,0,0,0,0,,,
2/16/2024,Astrofluenced,https://www.facebook.com/astrofluenced/posts/pfbid0Xoqu5P6khNy5KqgoaJgE94ChadwnjiXfrS6jWxyUndJgV8ewhYTHC64hWF1HSaw4l,Photos,4,3,0,0,0,0,0,,,
2/13/2024,Astrofluenced,https://www.facebook.com/astrofluenced/posts/pfbid0cdK5g1U2PpvUMXE4aAJZtofLFQfoAfRT6jtpWRGipKQNKtJm2cP6c5UKZ2H6G15rl,Text,4,3,0,0,0,0,0,,,
2/13/2024,Astrofluenced,https://www.facebook.com/astrofluenced/posts/pfbid0GheiqNrvPJMoVreNNk2ZPo7VdvXAdqLmCXebF6ezZiAK8e14gQjn89EKQz63jdKal,Links,4,3,1,1,0,0,0,,,
2/12/2024,Astrofluenced,https://www.facebook.com/astrofluenced/posts/pfbid02Mi3HgHSbL242di17wNFvesC7VJ7hPmUmFddP1pFEwk2CxiEa5cax5wxcEUWSscXKl,Links,4,2,0,0,0,0,1,,,
2/12/2024,Astrofluenced,https://www.facebook.com/astrofluenced/posts/pfbid0Lpbwr3ruVpVAr96prdUZ5Ts7TmjzCbYWfQpMkx8SDvwV9RBFV2xmBWAxEBc64i4Zl,Text,4,2,0,0,0,0,0,,,
2/12/2024,Astrofluenced,https://www.facebook.com/astrofluenced/posts/pfbid02NhbQR6BpagyMJx3wRJTBjyidkD1U9JZUNqabk38WZd4rfL6hHZDiAFvBudKpG5oGl,Links,4,2,0,0,0,0,1,,,
2/12/2024,Astrofluenced,https://www.facebook.com/astrofluenced/posts/pfbid02nkKGn8GUwuB1yqB1JkNA8Q95V1quEbVJPZcRrSZh1RbvdYf4qsURxbsRBd6wBk1Jl,Links,4,2,0,0,0,0,1,,,
2/12/2024,Astrofluenced,https://www.facebook.com/astrofluenced/posts/pfbid0215CwXFJTKvuYU15xxqGpSS819cz5zCdUrdCZSqngYaaBve3MdDySh5DD9gBDkGN3l,Links,4,3,0,0,0,0,1,,,
2/12/2024,Astrofluenced,https://www.facebook.com/astrofluenced/posts/pfbid02bEPQyqwxt1xDtPR9nZxr5Ejxvz6GiBTL2DHzM2gVNZwZcj94ta9URTTDwTaNKhT8l,Links,4,4,1,1,0,0,2,,,
2/10/2024,Astrofluenced,https://www.facebook.com/astrofluenced/posts/pfbid0NmxqCRGy9VuiLT1EqtZZbMDEwBaaDL3vMpi1fq8axw2iXX51QHMpv6xS6ZRxL7cJl,Photos,4,4,1,1,0,0,1,,,
2/5/2024,Astrofluenced,https://www.facebook.com/astrofluenced/posts/pfbid02P8VaG4dLQj8GQjVKJSr8ZoAzb86vEda4kx2Q4HJn8o2nrZruvUxueUVYbn6S4AHpl,Links,4,3,0,0,0,0,0,,,
2/5/2024,Astrofluenced,https://www.facebook.com/astrofluenced/posts/pfbid027F64yPZubRYPawDBRbUsFuPZtFWvjhR3hbC7wwAKQeiTKKgx9UMK9ntpArGqcg5Cl,Links,4,3,0,0,0,0,0,,,
2/5/2024,Astrofluenced,https://www.facebook.com/astrofluenced/posts/pfbid0gCvPpWrh4bCB99nHroPi9ENLZChXagL3xeP6CVbKWdPt5yhWNoZMk9j3SnsW6Crvl,Links,4,3,0,0,0,0,0,,,
2/5/2024,Astrofluenced,https://www.facebook.com/astrofluenced/posts/pfbid02N3G5cidptDJ7fw1RekgiboAtALVL4AYreYEHBe1mfQrNNvXrYSsrSEgZby6F3Pdul,Links,4,3,0,0,0,0,0,,,
2/9/2024,Astrofluenced,https://www.facebook.com/astrofluenced/posts/pfbid09tCdhWxzm43CzNKkr1rm2Dea5T7VHdeuCufRwkNmWbdPYUqjrHpXUzRrygxjNBv9l,Text,4,4,1,1,0,0,0,,,
2/1/2024,Astrofluenced,https://www.facebook.com/astrofluenced/posts/pfbid02VoRcyMHwThtbsuhirMLpNvMCJWX7mdmdwo1rZj9EfED7zcGo7HQsAL2KqV7b3vu1l,Links,4,4,0,0,0,0,1,,,
2/1/2024,Astrofluenced,https://www.facebook.com/astrofluenced/posts/pfbid028en1skUEB4UGXbczAf8qxziqkWyTfG2q3nPkRWEtr49XPE1BWDq41kQ1a2a3Kd4Ul,Links,4,3,0,0,0,0,0,,,
2/1/2024,Astrofluenced,https://www.facebook.com/astrofluenced/posts/pfbid034Vy5KeP1gq3mvQhZKFyVcA6DwVtDRqXdG3saPUT9tBX5uHCBSLpkA12b7U6pmCiVl,Links,4,4,0,0,0,0,0,,,
2/1/2024,Astrofluenced,https://www.facebook.com/astrofluenced/posts/pfbid0z4zpVE2aWKeut3tkR12AVEghLY7FpLTC4XNc4iaooRb66hvkdPSxzw2RodfZnTCRl,Links,4,4,0,0,0,0,1,,,
1/29/2024,Astrofluenced,https://www.facebook.com/astrofluenced/posts/pfbid0sGK52nR5NqXDoQpHAPa9gn9ESfC1Djojhgx1GMhKh5Q3i6VBSTyTEBhzsJjeh3SKl,Links,4,4,1,1,0,0,1,,,
1/27/2024,Astrofluenced,https://www.facebook.com/astrofluenced/posts/pfbid02m5tBmAqVCVgfj5unUzchFfiwmFXa6qhNDi64AgriCQq2G3HSE1bdX756k91vHWWcl,Links,4,3,1,1,0,0,0,,,
1/26/2024,Astrofluenced,https://www.facebook.com/astrofluenced/posts/pfbid02vFdLdxe9RqwMRgiS4zz2VELVQTxd1Uv3kdi9i31K7ZxthbR6JCXyipBAJ8Vb6zmRl,Links,4,4,0,0,0,0,0,,,
1/23/2024,Astrofluenced,https://www.facebook.com/astrofluenced/posts/pfbid02nq1eEqinsMH62f24KGWZU4FfaTyr6kKjCZGvhQei5EhcTL63HJtbXmjkWKjoptf7l,Text,4,3,1,1,0,0,0,,,
1/22/2024,Astrofluenced,https://www.facebook.com/astrofluenced/posts/pfbid0X4bZV8E14Wcu7s3gdf2oG3JfatcTi3jUyF3v3u8q2864hJWhSbw3xPrJnbW6Lv1zl,Links,4,4,1,1,0,0,0,,,
1/22/2024,Astrofluenced,https://www.facebook.com/astrofluenced/posts/pfbid027zE3kD3nTmT6fCziqdePzHrLJy1Pe2E49KkB8MpQTUb3v6QSuZRBJT2zacAjYAQUl,Links,4,3,0,0,0,0,0,,,
1/22/2024,Astrofluenced,https://www.facebook.com/astrofluenced/posts/pfbid0dRcmywUU2EngkgwEnHQLH7nHycPgA8FaqPt511iWfnhmeekC3gyX9YU8B8iSz2hJl,Links,4,4,0,0,0,0,0,,,
1/22/2024,Astrofluenced,https://www.facebook.com/astrofluenced/posts/pfbid0p8odNiQYb8gdT7SHfW1niFQKuYXqJNfwRTZLZ7byMiQhwmVnYVLmDS18y4gYPWSQl,Links,4,4,1,1,0,0,1,,,
1/22/2024,Astrofluenced,https://www.facebook.com/astrofluenced/posts/pfbid03ZFmUZ4FSP1eeToexWyhCVjnDUaqy2cQ1Tr6eMNUNZMxw4XgFVYykysyBpdSdGNBl,Links,4,4,1,1,0,0,0,,,
1/20/2024,Astrofluenced,https://www.facebook.com/astrofluenced/posts/pfbid026YTj8mAeQBmjpekb3cGE8jKBGx8kEvfdwB366499yfc5KzLkpXn4rwtxacZsfkqAl,Reels,4,4,1,1,0,0,0,,,
1/19/2024,Astrofluenced,https://www.facebook.com/astrofluenced/posts/pfbid0LFqfa1oR9bzhdmnKoehEBYiswGVmJ7m5AS8bggdk9xWGpNhnTKUKTsJcyy6sRcffl,Links,4,4,0,0,0,0,0,,,
1/17/2024,Astrofluenced,https://www.facebook.com/astrofluenced/posts/pfbid083HTw75dtJ2LVCQezVfvyMaPnpu3FYc2nsqDwhy1Pe5dbViReFdLU5cLy1MuR4NTl,Links,4,4,1,1,0,0,1,,,
1/17/2024,Astrofluenced,https://www.facebook.com/astrofluenced/posts/pfbid0W71V5ChpMwS6cq1qBgvDDpoMpMfYnKy8kqPJABFzTMGubLZsvtRT3UHeacu84QmTl,Text,4,4,0,0,0,0,0,,,
1/16/2024,Astrofluenced,https://www.facebook.com/astrofluenced/posts/pfbid0tJ3qzQchMYxGzU5MYvEGbr4NeY3LGLBTAsn6DjnyZnzZSZaURaA9nj5Fkpbx5Dtvl,Photos,4,4,0,0,0,0,0,,,
1/16/2024,Astrofluenced,https://www.facebook.com/astrofluenced/posts/pfbid02gam9UbGMTtq8SeBUtDFqAnFDzSvWspmnrPjJidxSZA5sViSoiwa635rrPdg5FZsNl,Text,4,4,1,1,0,0,1,,,
1/14/2024,Astrofluenced,https://www.facebook.com/astrofluenced/posts/pfbid02Fr4y1NxBKBNpDNbX2y5yB8HC2VUm5wLRQfDDruesnAXZsvsTMxRhJSUtGNLJCZXGl,Links,4,4,1,1,0,0,1,,,
1/11/2024,Astrofluenced,https://www.facebook.com/astrofluenced/posts/pfbid02JpBeJnQzReS8CDGU7Ubpk3nsiSxZQqiKa7QR3LKNNfUWuRmRcZScztUEae6ikxQKl,Links,4,4,0,0,0,0,0,,,
1/11/2024,Astrofluenced,https://www.facebook.com/astrofluenced/posts/pfbid08urCAwXHiuJ2FMA8A8SSBrmjev2s6yuZX7Z1wWA73bptkpj2SJsQqNa9GUYRjijdl,Text,4,4,1,1,0,0,0,,,
1/6/2024,Astrofluenced,https://www.facebook.com/astrofluenced/posts/pfbid0GXiJzwBRuRy4yxYdFMDjKXtbFzapVdQvJGerGpNp6UCmeR8e4gFX7wLPsriVA93sl,Links,4,4,3,3,0,0,0,,,
1/9/2024,Astrofluenced,https://www.facebook.com/astrofluenced/posts/pfbid023vsuEhEZfUZsBoeUxNPhaQUSpgKx3JdYada3PMN6mYWwJQcCFusPAf9wYPfCgELcl,Links,4,4,1,1,0,0,1,,,
1/9/2024,Astrofluenced,https://www.facebook.com/reel/394298916589067/,Reels,4,2,0,0,0,0,0,14.044,7.022,3
3/18/2024,Astrofluenced,https://www.facebook.com/astrofluenced/posts/pfbid0GRAG2mtxCfj1zG3WKrMAbrWeSqcxeT2gKHk8WDqhq6fYLnpe1XBEck8881wWvytRl,Text,3,3,1,1,0,0,0,,,
3/18/2024,Astrofluenced,https://www.facebook.com/astrofluenced/posts/pfbid02uUrM86qedsLXEy5EjsG8mDcJ8XUrNJgXRBzAySFUCBPPYgECofy6xCYA4LdwSAt3l,Text,3,3,0,0,0,0,0,,,
3/17/2024,Astrofluenced,https://www.facebook.com/astrofluenced/posts/pfbid02DxkRPGpgBEPSxpoP8Zt59nVgt7WNk9e985vyY2UJYJzyeULB2PbsQmiHuGMd4X7Rl,Text,3,3,0,0,0,0,0,,,
3/17/2024,Astrofluenced,https://www.facebook.com/astrofluenced/posts/pfbid0cptXgj7Ee4ZZHW1hSBWbXasxc2v2vddLjYUZyjCCSrARCRx72tyL7yf4pyu3ypV4l,Photos,3,3,1,1,0,0,1,,,
3/15/2024,Astrofluenced,https://www.facebook.com/astrofluenced/posts/pfbid0ZPFdvFTDai3XtJrUBYVJyifRvH9P8aXEGNV8bKctiNR3iLTRgCnZyM9NnSffWq4Tl,Photos,3,3,0,0,0,0,0,,,
3/14/2024,Astrofluenced,https://www.facebook.com/astrofluenced/posts/pfbid0auu7bVKGpDKNRypyotRE1E2Rynna7VmnFepHwbftTBjfLPDN2sWq22WvWymf8GWl,Text,3,3,0,0,0,0,0,,,
3/14/2024,Astrofluenced,https://www.facebook.com/astrofluenced/posts/pfbid02tXbFRYwgt6v2CZnWvex6uSQX6hofMTJtec69ouaLM3H8Us2FVyTKsaRJQNnR5Dael,Photos,3,3,1,1,0,0,0,,,
3/11/2024,Astrofluenced,https://www.facebook.com/astrofluenced/posts/pfbid02h7zixZ7tyqMYnHXoZsGCk5UzatcyftBhdVeLqQVxyU8z9YPPadJoBXTPoumGeC3Al,Links,3,3,0,0,0,0,1,,,
3/11/2024,Astrofluenced,https://www.facebook.com/astrofluenced/posts/pfbid02eDvQpeakDcVB3UJxv9St4scE261H316BUTKHFJnZhwMwifVHPMJcooNyF5bcEYNEl,Photos,3,3,0,0,0,0,1,,,
3/8/2024,Astrofluenced,https://www.facebook.com/astrofluenced/posts/pfbid0cByaJE1QrF2u2p657FxiizVJyAk7XQm4wfF5BGXqPr1aaib1kRuASwv9XQsrDjYAl,Links,3,3,1,1,0,0,0,,,
3/8/2024,Astrofluenced,https://www.facebook.com/astrofluenced/posts/pfbid02ZFwBoSz9wvu6dgFycjJbaqs6WnuEzhN8XZHmaGzAufsTJMa1HdYqx5XBshBA91evl,Links,3,3,1,1,0,0,1,,,
3/7/2024,Astrofluenced,https://www.facebook.com/astrofluenced/posts/pfbid0pQ6Qy64zZMJktgAWExMPf9UDzUPt75Pfu72aHWtpbSdBiR18upsCFLL3myuPaU9Bl,Links,3,3,1,1,0,0,0,,,
3/4/2024,Astrofluenced,https://www.facebook.com/astrofluenced/posts/pfbid02UUm2F5U9kDwXytaXVURsGvyjmmT74HRK9CwEegqDYTwcYGgfAr3tW4oBFHjPT2vhl,Links,3,3,0,0,0,0,0,,,
3/4/2024,Astrofluenced,https://www.facebook.com/astrofluenced/posts/pfbid0RoMXyuP27L8x8uPnu8CaBw7dWsChuhAuYPiXcPd81fKMnQCpKCS2FUrsVS1LQghDl,Links,3,3,0,0,0,0,0,,,
3/1/2024,Astrofluenced,https://www.facebook.com/astrofluenced/posts/pfbid02QWKtXSygtHiyW5oLGDSAQqvZ1DDncyB5Yu3994bpXidC279icC4Ai8JXw5PQvfT8l,Photos,3,3,0,0,0,0,0,,,
2/29/2024,Astrofluenced,https://www.facebook.com/astrofluenced/posts/pfbid02gYFV7AYdxK8osj6e3PSWxSYeQX6PGX5fahf7gAue3TkZg6gA5dwgdDFHbgXi5wRjl,Photos,3,3,0,0,0,0,0,,,
2/28/2024,Astrofluenced,https://www.facebook.com/astrofluenced/posts/pfbid035BW5LFEXbWmbgsty3cdLkpT8vdpuATxN9Z39hy2MSCDX2BbHyE2b32aaaMwyoPnql,Links,3,3,1,1,0,0,0,,,
2/26/2024,Astrofluenced,https://www.facebook.com/astrofluenced/posts/pfbid02rwCW8roFeG1M7PGPWY7crLrdxPysVrbauy5g2J61kkGAEz6pDmFqcP81DieGXTc5l,Links,3,3,0,0,0,0,0,,,
2/26/2024,Astrofluenced,https://www.facebook.com/astrofluenced/posts/pfbid02EhLkgKAnErgd9nFyR1zFaPYjhJ5hnBE4A2ZG8mi6sK6yQvdzJYDW6qgVHNrchJh2l,Links,3,2,0,0,0,0,1,,,
2/26/2024,Astrofluenced,https://www.facebook.com/astrofluenced/posts/pfbid0pjrvh1KJSEF1CXC3wUAb9gCN2xw9BGwii4t6xCx4kb4jh2rZxtkfzK7FcTroSRBAl,Links,3,2,0,0,0,0,2,,,
2/26/2024,Astrofluenced,https://www.facebook.com/astrofluenced/posts/pfbid0317Vsf3cTYup4ix2X9dnd5MKaZDqqrwEQXrV3iD3BtntpD7MXrRwUiSQqr5LZ3pJXl,Links,3,2,0,0,0,0,2,,,
2/26/2024,Astrofluenced,https://www.facebook.com/astrofluenced/posts/pfbid02bR694UGn223XxjmtF45TDynxeKbGAdHxjm27iMFhKwkjj7U8AZoWpvKStqfQSmTXl,Links,3,2,1,1,0,0,2,,,
2/25/2024,Astrofluenced,https://www.facebook.com/reel/1778334069324414/,Reels,3,1,0,0,0,0,0,10.275,2.568,5
2/25/2024,Astrofluenced,https://www.facebook.com/astrofluenced/posts/pfbid09pGdMTSDBR3APk3ftCmDwuU3N3cNfxhi6PyGX9EeFhMb4eDp7Qr3GFRJJuXPcd3zl,Links,3,2,1,1,0,0,1,,,
2/22/2024,Astrofluenced,https://www.facebook.com/astrofluenced/posts/pfbid02yReU6h1Va3Mdoj3XyYjP2EH6uZu2sfcHVyhkWaU3oHcjx69H5BH9cTCPAywNBxzZl,Text,3,3,1,1,0,0,0,,,
2/21/2024,Astrofluenced,https://www.facebook.com/astrofluenced/posts/pfbid02jzYMjd6Ck8fJ6J6Cr4cNQico85c2nFyqEgGDr1mp5dKaefwWpM3JJRXv3iWjcQmvl,Links,3,3,1,1,0,0,1,,,
2/18/2024,Astrofluenced,https://www.facebook.com/astrofluenced/posts/pfbid02Beri4oWyzcr9HGEoNPGjNeGKQyVwTRdpSTgfMtVJFxopXT8PzvqNQdatFtZfjQ5gl,Links,3,3,1,1,0,0,0,,,
2/17/2024,Astrofluenced,https://www.facebook.com/astrofluenced/posts/pfbid02rHrDDYgL95keqJbQhCQmHiN8ZKNw4RWKLyHQuJTMBy1igf7QfmrtRoQyM2HQN6eDl,Links,3,2,0,0,0,0,0,,,
2/17/2024,Astrofluenced,https://www.facebook.com/astrofluenced/posts/pfbid033KVYJaAKbtHdfv8RNpWj4dhHGWFioySZwUxaRoKZ4rXap64yDH4JoWBKB2BAzQjNl,Photos,3,3,0,0,0,0,0,,,
2/16/2024,Astrofluenced,https://www.facebook.com/astrofluenced/posts/pfbid02N9bVFi3rZqynZCesReT3mVcfXvzREjUvx4txiSHzmvN87H9gXdgweHiYc7vk14iGl,Text,3,3,0,0,0,0,0,,,
2/12/2024,Astrofluenced,https://www.facebook.com/astrofluenced/posts/pfbid0CC6NTDunnCtrNqDAN5LD8DU6nmUWec1KLBzuEWqSzEbTn717EPLEp8vebsBmcPRNl,Links,3,2,0,0,0,0,1,,,
2/12/2024,Astrofluenced,https://www.facebook.com/astrofluenced/posts/pfbid02oJ6XB6tu7563ERocj7KrGhZZeNR5gcVHyMv4x9ye8QwDCZm9iM9qtei9QUrqWR1sl,Links,3,2,0,0,0,0,1,,,
2/12/2024,Astrofluenced,https://www.facebook.com/astrofluenced/posts/pfbid0pbzqhBLRkc5Tz4g27kizgJdJZE7cqMwXpUim25TDy4QkBqn7q9gfkLHkJHXeVXtml,Links,3,3,0,0,0,0,1,,,
2/12/2024,Astrofluenced,https://www.facebook.com/astrofluenced/posts/pfbid02SUT7ZEgB2wx2oZdLWAJda5tcv6rB3B3TBD5NZAfBvAr3UPy9UwWZmczWDqHZAUxXl,Links,3,3,0,0,0,0,1,,,
2/12/2024,Astrofluenced,https://www.facebook.com/astrofluenced/posts/pfbid02NgW4b4e5JATMUtrEx36mSsPuvmh1erqzSqZk8BTpJ4yQKA4V7PajQJxMvSPGn7unl,Photos,3,3,0,0,0,0,1,,,
2/12/2024,Astrofluenced,https://www.facebook.com/astrofluenced/posts/pfbid02WsZmnfjhhr1xcKa6TuKy3NDuBdzNjaVFxeWGE2aaJ8AmYmqHTUT2c7KsfgFZ3euTl,Photos,3,3,1,1,0,0,1,,,
1/10/2024,Astrofluenced,https://www.facebook.com/astrofluenced/posts/pfbid0388xkLSAh8wreGbw8v9P8rZsD2tzLzR4uXdw1i3pFZ5iWBCT3yvwCnhb7NjShGctVl,Links,3,3,0,0,0,0,0,,,
2/3/2024,Astrofluenced,https://www.facebook.com/astrofluenced/posts/pfbid02WMXsWwBgQDK4sxQSuuNrfTuhGwnjLAtSBgn2iAEggq9WGPKCuavQ3vrQCdne3Y5Tl,Links,3,2,0,0,0,0,0,,,
2/1/2024,Astrofluenced,https://www.facebook.com/astrofluenced/posts/pfbid02GxcSovMt94gtmGZ8p89QWQZXD7xUzFXNAMZjPWyivVBFig5Yo1kNFez4THuxmVkdl,Links,3,2,0,0,0,0,0,,,
2/1/2024,Astrofluenced,https://www.facebook.com/astrofluenced/posts/pfbid026r3ZCdKTi4e6bG6C3sRQDjYcUuFpnYu24mbM5xWBqXWtSonsJFJ7sVp4fnWU3KWTl,Links,3,2,0,0,0,0,0,,,
2/1/2024,Astrofluenced,https://www.facebook.com/astrofluenced/posts/pfbid02k9H6MqUB1hk3F8K74fTzHiTaY48b9y9JvxqG1qv1bzVehLAX9g1GkvHZcEzidxywl,Links,3,3,0,0,0,0,0,,,
2/1/2024,Astrofluenced,https://www.facebook.com/astrofluenced/posts/pfbid02CTGmCAvJPfnQCHgs4PdCyeHvw9XwWN9k96s3gxPn4FXnEfPuDw3Kp4ArVCodFSLtl,Text,3,3,0,0,0,0,0,,,
2/1/2024,Astrofluenced,https://www.facebook.com/astrofluenced/posts/pfbid0VC9iMsmoC6hQwz1ZQVwSzy7qJ7XhERhnkCfxUYBt1cGJU36QTnM8j6nuUiWdDg12l,Links,3,3,0,0,0,0,0,,,
1/31/2024,Astrofluenced,https://www.facebook.com/astrofluenced/posts/pfbid08TrgVwY2cKqmnScaXjKVQqt423UacMczJvU2dbg32xFqE1AhGBjin2QGHcS4sZh7l,Links,3,3,0,0,0,0,0,,,
1/31/2024,Astrofluenced,https://www.facebook.com/astrofluenced/posts/pfbid0zW1M9dry6vptjxexTgSppWcy8PqKQiwivUmeissTz48qKnZndweBDinm9eNrBkXil,Text,3,3,0,0,0,0,0,,,
1/31/2024,Astrofluenced,https://www.facebook.com/astrofluenced/posts/pfbid025c5JVqJt58tjXCsQKmuLrPpXn5VY6TmC6P2jTiunMu1eFjqL2oFAkJ7qtyKLdxuhl,Links,3,3,0,0,0,0,0,,,
1/30/2024,Astrofluenced,https://www.facebook.com/astrofluenced/posts/pfbid02e6w2KgHAodqqSFLqLn36wxn9CuK7RPzzEMSS67b74SzkJbSt3VDUsa9vvBzhdMbel,Links,3,2,0,0,0,0,0,,,
1/25/2024,Astrofluenced,https://www.facebook.com/astrofluenced/posts/pfbid0VmgJt6UcCZ9KXwa6Rpuh8j6Ub5XBrvyFuNb6roJXHRkhEkqu1qJwDhaZ46GpHdU5l,Text,3,3,0,0,0,0,1,,,
1/22/2024,Astrofluenced,https://www.facebook.com/astrofluenced/posts/pfbid0LpAcKEqonWv7WjQ42NVrdDC9RCiSmmD8Q247CDdi6svyomGrkBtq7KWYSrwBfuhcl,Links,3,3,0,0,0,0,0,,,
1/22/2024,Astrofluenced,https://www.facebook.com/astrofluenced/posts/pfbid02XNizznFXaXpXranC4x8xNMaV18Tdq6MRspdcPJC5Jtp1vcrvKKdGPMvhhgR8EhNil,Links,3,3,0,0,0,0,2,,,
1/22/2024,Astrofluenced,https://www.facebook.com/astrofluenced/posts/pfbid02q8Mi5XtiFMCq81NreJPn2LA7B9qXUBnX9QzRLRPUPmFvVEH4bAneYZ3hCK63pGcPl,Links,3,3,0,0,0,0,0,,,
1/20/2024,Astrofluenced,https://www.facebook.com/astrofluenced/posts/pfbid02sdVpPeJ6DF43UjRRLr5DaAUcpjYu9KWMAp7gDQEzTYeqG8JdXyHJRDmkuhMqxamml,Text,3,3,0,0,0,0,0,,,
1/20/2024,Astrofluenced,https://www.facebook.com/astrofluenced/posts/pfbid02x1joZTKRTNWEPYV7Y2qKEBchfy4GbCjTjXNZhNLjYCqWSSpMQ3CLhQYH7uyALyiml,Links,3,3,0,0,0,0,0,,,
1/19/2024,Astrofluenced,https://www.facebook.com/astrofluenced/posts/pfbid0YW9EmQEh6t9UfBRsoRQREq2Xs8GxPWaDwj7nnAdDCg7VfSR6J55ZoivLX5Xa3gNPl,Text,3,3,0,0,0,0,0,,,
1/16/2024,Astrofluenced,https://www.facebook.com/astrofluenced/posts/pfbid0c8vC9KEd24d9SxCQbowyRNTBbZEkiNB2JLZPZknLE1eWHHUcE8FrDt7DsDZrns9Vl,Links,3,3,1,1,0,0,0,,,
1/15/2024,Astrofluenced,https://www.facebook.com/astrofluenced/posts/pfbid062ktUrn7KF4SPJHWXK4Magk1D1v5LB5hccyTCAmsPpSc3xcuFj331c7fHL93KD2ml,Links,3,3,0,0,0,0,1,,,
1/14/2024,Astrofluenced,https://www.facebook.com/astrofluenced/posts/pfbid02iCgYgtLXs49kzhq8KKxCoxAS8xCnQE7Yb3tyMAJ4DG77847Q5AYQFkAMVSvh9KuWl,Text,3,3,1,1,0,0,0,,,
1/14/2024,Astrofluenced,https://www.facebook.com/astrofluenced/posts/pfbid02Y67deMf1bDmFpyy43eh6bA3CF1wLMAPSMdMC3ydYj4VznpRkExigMydXL31Ntxt9l,Links,3,3,1,1,0,0,1,,,
1/13/2024,Astrofluenced,https://www.facebook.com/astrofluenced/posts/pfbid02R3zn6zDEGunvYaxXnwsq9khx8AKHw7G8n29K5wc7cJ4nzhQT4ykGXsTgD8dXmksal,Links,3,3,0,0,0,0,1,,,
1/13/2024,Astrofluenced,https://www.facebook.com/astrofluenced/posts/pfbid0AmrjCcbViYTSHMnseo6k9ettNVKWnkuuwNxtbtH8Kmtpk1RWprNQEzHhp6Gf4Woal,Text,3,2,1,1,0,0,0,,,
1/13/2024,Astrofluenced,https://www.facebook.com/astrofluenced/posts/pfbid02jiVETq9LGnGBWLuVEwVFfYU7mkDr67T7Lgbrv3vQL86r3CPW3yjPZFf5kA7YgkFMl,Links,3,3,0,0,0,0,0,,,
1/6/2024,Astrofluenced,https://www.facebook.com/astrofluenced/posts/pfbid02QC64ANJE1YyWmkKPv5Xv9nra15TtLJHZCrvpGXuDSfyLJzMik8crFiU81kfWRtn7l,Text,3,2,0,0,0,0,0,,,
1/6/2024,Astrofluenced,https://www.facebook.com/astrofluenced/posts/pfbid0cK5GkARfMhRL7ErKWcx5tUQv9JikoWUAx9AYejAKoNwH1aYsAigAjgEwYUBe1Jgvl,Reels,3,2,0,0,0,0,1,,,
1/9/2024,Astrofluenced,https://www.facebook.com/astrofluenced/posts/pfbid0BHLw86jYYGRwM1g9CoW1zsN2XUYHaP8LktCTdoXNqnLV34CrVWGx9jbkbr8HrHiRl,Links,3,3,0,0,0,0,1,,,
1/9/2024,Astrofluenced,https://www.facebook.com/astrofluenced/posts/pfbid0TDhWciT66dguySJJjPGnGjQ22HMdwbdNe8mqCtEsbXrMVWx2YTtREAB6oPnhZBxTl,Text,3,3,0,0,0,0,1,,,
1/9/2024,Astrofluenced,https://www.facebook.com/reel/7135081553225748/,Reels,3,2,0,0,0,0,0,3.494,3.494,1
1/10/2024,Astrofluenced,https://www.facebook.com/astrofluenced/posts/pfbid02hMRrUibH1avdX1Yw5r6waeCcNmkmJUaHPjMpoQvN9K9xYuFsach6wD73Aeu11wdpl,Links,3,3,0,0,0,0,0,,,
1/10/2024,Astrofluenced,https://www.facebook.com/astrofluenced/posts/pfbid02Ta1cMBw1LuproEeoaGL3GVtKp99cXmJreAjR819t41WnMvsspiNRXkGpm1g32xAZl,Text,3,3,0,0,0,0,0,,,
3/18/2024,Astrofluenced,https://www.facebook.com/astrofluenced/posts/pfbid0tk9jv5dw5SBcjDYFWFtp32rdU51nuPDWGoDMHBoVR22mhCht9G7dZkbLCGyFsTr5l,Text,2,2,0,0,0,0,0,,,
3/17/2024,Astrofluenced,https://www.facebook.com/astrofluenced/posts/pfbid02fE2CUU6r7Ms4vJVucFVm5SHbKyBDa7FbeA6vB5Egq6WS55LAsi9oTZf9rJzoMRokl,Links,2,2,0,0,0,0,0,,,
3/16/2024,Astrofluenced,https://www.facebook.com/astrofluenced/posts/pfbid021NTk1GYr1aWDXd6z8mCMkfYmeNHt8EZozoC3b7UvHKGrKUo1oSnn7PUHqWASeNQbl,Links,2,2,1,1,0,0,0,,,
3/14/2024,Astrofluenced,https://www.facebook.com/astrofluenced/posts/pfbid02h5bPyL9xPpiqAV2xxqGFw6Zp5S2D6gKgbKmBiJMWjUwUUSPzGRbbrMjucYd6iTyQl,Links,2,2,1,1,0,0,1,,,
3/13/2024,Astrofluenced,https://www.facebook.com/astrofluenced/posts/pfbid032HRmCLhNqbMdAkcn4H1BsPYHn6mZJL1kwcPQnzRzAK4HLb7rkSrZ3tbt7fhNPywtl,Links,2,2,0,0,0,0,0,,,
3/12/2024,Astrofluenced,https://www.facebook.com/astrofluenced/posts/pfbid01AENbnvFTud7LEdXyQzNkkwVTbamRYZkzQ7ecNctGarccK3L2Wmga76Dz3MTBikfl,Links,2,2,0,0,0,0,0,,,
3/10/2024,Astrofluenced,https://www.facebook.com/astrofluenced/posts/pfbid02s4nbyKBoMBr2yZTEHF9DrmysbqEUXutqdsLFvoanAV9YgUK3ANJFV96hPAxPWDbl,Links,2,2,1,1,0,0,0,,,
3/4/2024,Astrofluenced,https://www.facebook.com/astrofluenced/posts/pfbid0AfXLzrpZsWnPDHn5n79XXWQf5etDupWE1zxrnvPrhQC7HUuv4RcqnMBcpVV2yaYYl,Links,2,2,1,1,0,0,0,,,
3/4/2024,Astrofluenced,https://www.facebook.com/astrofluenced/posts/pfbid02pMoLTcKZdkNWzDg4w18pBUbTj39xMiyxydiLvPMjbm9jJRX7Nc3QzRPGmkNDjJF8l,Links,2,2,0,0,0,0,0,,,
3/4/2024,Astrofluenced,https://www.facebook.com/astrofluenced/posts/pfbid0btwSacGa2M3HP1QUF2fPdsWoEZg4tp3GXFry7ztXcE4hKVgqqeD4Xi9hXWy4fQwfl,Links,2,2,0,0,0,0,0,,,
2/29/2024,Astrofluenced,https://www.facebook.com/astrofluenced/posts/pfbid02d8oGzjz7TfK8vgAoFos5WLE2sXL1YZdSR1Jja9ayM2V5ag5UKV66ox4KiiKq1cGhl,Links,2,2,0,0,0,0,0,,,
2/24/2024,Astrofluenced,https://www.facebook.com/reel/7338686746197198/,Reels,2,2,1,1,0,0,0,31.611,7.902,4
2/24/2024,Astrofluenced,https://www.facebook.com/astrofluenced/posts/pfbid0xZX7Rer13UwP9XNmE7T5pPKnM5kJuJcBYyVAG96V7yQqFEoYXFZYVjExPJm5svFhl,Photos,2,2,0,0,0,0,0,,,
2/23/2024,Astrofluenced,https://www.facebook.com/astrofluenced/posts/pfbid02Ac8vfMXPfRfj9A3adP9nNpyVv2cE7rwcE2o5oWJE8LB56twtNjiZRmYGkLT2bKPHl,Photos,2,2,0,0,0,0,0,,,
2/23/2024,Astrofluenced,https://www.facebook.com/astrofluenced/posts/pfbid02dbZ9nPttupLdWgfvhj7kxgXeE9Et5SQ3TtsmwsbkQSCDzP6waRBi7mjQKCznR6eil,Photos,2,2,1,1,0,0,0,,,
2/22/2024,Astrofluenced,https://www.facebook.com/astrofluenced/posts/pfbid02e7hN16ZbJRP9nLxRF99iTFgWAW2YcT8u497NYWd8TuotLfiAuT8Avrag9p3JdxzXl,Photos,2,2,1,1,0,0,0,,,
2/22/2024,Astrofluenced,https://www.facebook.com/astrofluenced/posts/pfbid0j9whrf8f3psjHj1w3ZiJu7mpbkBWJBG2hZnuWayUqRrRQtuj3ed8sT2nzNXntgZWl,Photos,2,2,1,1,0,0,0,,,
2/12/2024,Astrofluenced,https://www.facebook.com/astrofluenced/posts/pfbid033PeErGqksrT8BjP3KQMUsgKspLop1P7RfZYfM3NfMcijVdZ8SXW3WveBcxYdtpVel,Links,2,2,0,0,0,0,2,,,
2/12/2024,Astrofluenced,https://www.facebook.com/astrofluenced/posts/pfbid0Fe4Ew5C2nWt9MRpC4zwGvmbovrH6Wp5oT7N8qntFT22tG9GXQHbLyY8Eau2tABvbl,Photos,2,2,1,1,0,0,0,,,
2/1/2024,Astrofluenced,https://www.facebook.com/astrofluenced/posts/pfbid02JJ9ibpDsHUFbBhPcSgyLRMaN3vch9vkk9qvZV226TGjWkgKFLYoSH2BHAR6Dqs7kl,Links,2,2,0,0,0,0,0,,,
2/1/2024,Astrofluenced,https://www.facebook.com/astrofluenced/posts/pfbid0dSVT3ZWfSuhskWwoS9wddC2N5YpcESVYDNLxHqYoojTbgVMug3wC9Jb3mkGuufFxl,Links,2,2,0,0,0,0,0,,,
2/1/2024,Astrofluenced,https://www.facebook.com/astrofluenced/posts/pfbid025RhZ8acHstysq1CGn5ArrD7ooMrzpxTBMXLYxGDwYxYhk5k9PYK8oojfAaoQeW5Sl,Links,2,2,0,0,0,0,0,,,
1/26/2024,Astrofluenced,https://www.facebook.com/astrofluenced/posts/pfbid02VTsn1qZBSeV8qGy9FVQ1jgoEg8LkKKyyFcb3C8nbHHMhfHCNgPKeALAPP7sUA2uhl,Links,2,2,0,0,0,0,0,,,
1/26/2024,Astrofluenced,https://www.facebook.com/astrofluenced/posts/pfbid0ksYWQj6DZcLFc11TzU1BuWmMMFXZBFA2bwEBYwk5t8PGNdN2oGMTsVyesidLoqA4l,Links,2,2,1,1,0,0,0,,,
1/19/2024,Astrofluenced,https://www.facebook.com/astrofluenced/posts/pfbid02gaDVzp8afVXrwBXCrBzNpeAmsSdRGpb3HmfCryAB5yD3ixLUonfYDXa82Sp1wtBul,Links,2,2,1,1,0,0,0,,,
1/12/2024,Astrofluenced,https://www.facebook.com/astrofluenced/posts/pfbid028fKiDztCf8VjB8UdHKFT4X5DzRrm6CPE827MXRqhanbwVJDqQcweABAAXfcGiK43l,Text,2,2,1,1,0,0,0,,,
1/12/2024,Astrofluenced,https://www.facebook.com/astrofluenced/posts/pfbid0bAZkcjnuyom65mCvkNrkjnZTrfez2ineTMXDMYwCDnQDAGRhBGL8bRWuzguZzFdol,Links,2,2,0,0,0,0,0,,,
1/11/2024,Astrofluenced,https://www.facebook.com/astrofluenced/posts/pfbid02KNQEEa4WHvTtfY4fsSJQec1gPZ5XMrQADGgE5ZpFjiQucxmyAr5CxutzEBv7XREsl,Links,2,2,0,0,0,0,0,,,
3/18/2024,Astrofluenced,https://www.facebook.com/astrofluenced/posts/pfbid02eYhv6k35jtKtH7mPps5Nm38G7TDMspR3K74RLbp67Sgu9uiEMiL9KaGTWHdMTA67l,Text,1,1,0,0,0,0,0,,,
3/18/2024,Astrofluenced,https://www.facebook.com/astrofluenced/posts/pfbid0NKXw88zQeEySQ3fP8suYW9Au1Gs5eXu3UpFyHJdjDoX9qgNB5XVZRdcpC1kdj84Ul,Text,1,1,0,0,0,0,0,,,
3/18/2024,Astrofluenced,https://www.facebook.com/astrofluenced/posts/pfbid035aDaxQDeha18hJKxQEwAM6F5cRCWX2j76Mp5JrLXyeSuaVQqaunQeXndQM2wwR1zl,Text,1,1,0,0,0,0,0,,,
3/6/2024,Astrofluenced,https://www.facebook.com/astrofluenced/posts/pfbid02hX3GAZ1ShnM4Y7QdvQ773qgrPZYFmx7UpXev1CGkN8dSex8CD8TMQMnBynEK9S12l,Links,1,1,0,0,0,0,0,,,
3/5/2024,Astrofluenced,https://www.facebook.com/astrofluenced/posts/pfbid0yJSSsJTRtffjn147Ekv9AaoiCRfc7yr2wsTfNk1qKNA9wXLcmYZoqfn9zkViCvrLl,Links,1,1,0,0,0,0,0,,,
3/4/2024,Astrofluenced,https://www.facebook.com/astrofluenced/posts/pfbid021FMzgrrPpkuzTNVfLP2ZaHLyjZmNYP8v67RK1syEKJhPNdJAVixPuQ8sCFZ18QL5l,Links,1,1,0,0,0,0,0,,,
3/4/2024,Astrofluenced,https://www.facebook.com/astrofluenced/posts/pfbid02iQNJea6RCWT87Cggf8cSwMthbGn4LPiR743vLvNwSjsCeow5RP8p9HUKi75xLKUjl,Links,1,1,0,0,0,0,0,,,
3/4/2024,Astrofluenced,https://www.facebook.com/astrofluenced/posts/pfbid05WweyXjdsQfL2yoG97eAh2gakaQmCFoY6R4hDY1rffF7J3DbRzL3phEYsKrPnZfcl,Links,1,1,0,0,0,0,0,,,
3/4/2024,Astrofluenced,https://www.facebook.com/astrofluenced/posts/pfbid06WH6wvyKGJt3KLMauRFWbdrN2UA3pX6Uca1uxxQvL6wvr9pM8eQRWwJAW4J7re1Vl,Links,1,1,0,0,0,0,0,,,
3/4/2024,Astrofluenced,https://www.facebook.com/astrofluenced/posts/pfbid02m1jVDUA3vFHdzGJiPbz4TV3H5fRPMu4pbATtdZ1WhnzgfqHVTvfzPnWsw8kiEUZzl,Links,1,1,0,0,0,0,0,,,
3/4/2024,Astrofluenced,https://www.facebook.com/astrofluenced/posts/pfbid0gh6caoaYaqGQp6piCMJnckvCactnq8JkRBuxkogVSxoJNHqJzZEdotHhNiLYT95Wl,Links,1,1,0,0,0,0,0,,,
3/4/2024,Astrofluenced,https://www.facebook.com/astrofluenced/posts/pfbid095MGUaBgVNEvG2r3rGrCA2B7uwAWjfDHSdoKpLJFGw7aimAbT41K1kw3ntjneA1Xl,Links,1,1,0,0,0,0,0,,,
3/4/2024,Astrofluenced,https://www.facebook.com/astrofluenced/posts/pfbid02b8GhYVgatZH8XzPwmrgDcnKdmbdQMiin5KsFiFWa7L2dg2GrvzF6HTkWSeFnZEoPl,Links,1,1,0,0,0,0,0,,,
3/4/2024,Astrofluenced,https://www.facebook.com/astrofluenced/posts/pfbid02RvfsAG3kssGjSiQ3XsvdNiWRascSSYgdEsSnxZTXWYAxJfWf5HnX6MMELNtWbU27l,Links,1,1,0,0,0,0,0,,,
3/3/2024,Astrofluenced,https://www.facebook.com/astrofluenced/posts/pfbid0x1jtTurgj1rTN9KjgWqMLrx5TEqqwYJDeuF4dpHGpigvfchQ2B89ztzrrf1wVx5Al,Links,1,1,1,1,0,0,0,,,
3/2/2024,Astrofluenced,https://www.facebook.com/astrofluenced/posts/pfbid0Ra95E9RBwHBheAg7wqUyfiR42u5ACE8vzpE4ET11rdDjW5Jsa4uzW89m5ng4hvALl,Links,1,1,1,1,0,0,0,,,
3/1/2024,Astrofluenced,https://www.facebook.com/astrofluenced/posts/pfbid02MUPVPiTfSkvAGAm6RaX6U5n5pLe8invmk22St7JkE3eaguWyXbWeLSaX2WCJo31Bl,Links,1,1,0,0,0,0,0,,,
2/24/2024,Astrofluenced,https://www.facebook.com/astrofluenced/posts/pfbid0Lm7EAL51xA53yxN1F9CD8ruwsap5ZWPKFs98NPQ6ADFsrZAU8AvygLoZWcB7ALx7l,Text,1,1,0,0,0,0,0,,,
2/24/2024,Astrofluenced,https://www.facebook.com/astrofluenced/posts/pfbid02BvoVxPi5Y5JnGc9ZEhvpoSUcjbaE4NWXC3yDDD8EKh9ewwmY5q9FjyZihP9PdFJ6l,Links,1,1,0,0,0,0,0,,,
2/22/2024,Astrofluenced,https://www.facebook.com/astrofluenced/posts/pfbid0xXfTMSew6iBp4T7BVW8ynx95kyXRs4YzZVS6bDKXgTB8p6ntxDvLG88JxgDhTumRl,Photos,1,1,0,0,0,0,0,,,
2/22/2024,Astrofluenced,https://www.facebook.com/astrofluenced/posts/pfbid0Z2B7bu9cZsKhJCYi9J2DohDLgD6VS6aJRM6JszUBGC7XcLew8SqbGMvRLzjxon7Wl,Photos,1,1,0,0,0,0,0,,,
2/22/2024,Astrofluenced,https://www.facebook.com/astrofluenced/posts/pfbid0DRQZzL7XAgx8EhRYDW1A6oZHYcvpoy6Ng5KHaZRRyEmy8QNtsBhpHyso3atxLXS4l,Links,1,1,0,0,0,0,0,,,
2/12/2024,Astrofluenced,https://www.facebook.com/astrofluenced/posts/pfbid02rC4VvogGwHQxBY4sJFmSVjYt2rxhJswWfc2Y3u9ipXSMmMh7ARr91RLwMXPnGz2Wl,Links,1,1,0,0,0,0,1,,,
1/23/2024,Astrofluenced,https://www.facebook.com/astrofluenced/posts/pfbid0XEKJZAPwgpENb77TCpiDR4HMrGPbqbqmvBz9EFigRe9kjcMz1csFkZSPbC5B9pJMl,Links,1,1,0,0,0,0,0,,,
1/17/2024,Astrofluenced,https://www.facebook.com/astrofluenced/posts/pfbid029L6KgiB6PQU6QBL6WVxusqYDZW25gpfyUyQwni2J5xnXzBJpbkRzvwEXHNegAyyKl,Links,1,1,0,0,0,0,0,,,
3/15/2024,Astrofluenced,https://www.facebook.com/astrofluenced/posts/pfbid02UzMZYmMyVkY7J2oBKLEGHcaJ48giiFC4wpYhnKvBUGhxDFxtdHAjRZ1KJtvN5yQel,Links,0,0,0,0,0,0,0,,,
2/24/2024,Astrofluenced,https://www.facebook.com/astrofluenced/posts/pfbid033h1Q9jV2KzfjfBgHJop2NJsnrudLWguDJMudGoGcD4W4uYbY7EnUmj2Y5B918MLhl,Links,0,0,0,0,0,0,0,,,
2/23/2024,Astrofluenced,https://www.facebook.com/astrofluenced/posts/pfbid034hYXLN2Dw84ouXW8Q7KSeyMVWSN6quhFNWQsahjuaA1RQ9VcifrrjZUKNbw1pdQel,Links,0,0,0,0,0,0,0,,,
2/12/2024,Astrofluenced,https://www.facebook.com/astrofluenced/photos/a.173727245783281/246315391857799/?type=3,Photos,0,0,0,0,0,0,0,,,
1/25/2024,Astrofluenced,https://www.facebook.com/astrofluenced/posts/pfbid0jZkZJqfXSAVznC2JTDi3Y1SeYbLnRxjetZSwGVvP2DUPzkuWy3JyWsx9FDFanCY8l,Links,0,0,0,0,0,0,0,,,
1/2/2024,Astrofluenced,https://www.facebook.com/photo.php?fbid=238079772659106&set=a.118826574584427&type=3,Photos,0,0,1,1,0,0,0,,,
1/6/2024,Astrofluenced,https://www.facebook.com/photo.php?fbid=240534652413618&set=a.118826574584427&type=3,Photos,0,0,0,0,0,0,0,,,
,,,,3995,3670,295,259,14,22,171,12677.918,,